card,reports,age,income,share,expenditure,owner,selfemp,dependents,months,majorcards,active,client_name,sex
yes,0,37,4.52,0.03,124.98,yes,no,3,54,1,12,Ivan Gomez,Male
yes,0,33,2.42,0.01,9.85,no,no,3,34,1,13,Sean Williams,Not Declared
yes,0,33,4.5,0.0,15.0,yes,no,4,58,1,5,William Beard,Male
yes,0,30,2.54,0.07,137.87,no,no,0,25,1,7,Cynthia Cuevas,Female
yes,0,32,9.79,0.07,546.5,yes,no,2,64,1,5,Julie Davis,Female
yes,0,23,2.5,0.04,92.0,no,no,0,54,1,1,Matthew Johnson,Male
yes,0,27,3.96,0.01,40.83,no,no,2,7,1,5,David Rodriguez,Male
yes,0,29,2.37,0.08,150.79,yes,no,0,77,1,3,Bryan Rodriguez,Male
yes,0,37,3.8,0.25,777.82,yes,no,0,97,1,6,Gregory Graves,Male
yes,0,28,3.2,0.02,52.58,no,no,0,65,1,18,Sarah Rivera,Female
yes,0,30,3.95,0.08,256.66,yes,no,1,24,1,20,Steven Reese,Male
no,0,42,1.98,0.0,0.0,yes,no,2,36,1,0,John Mason,Male
no,0,30,1.73,0.0,0.0,yes,no,1,42,0,12,David Andrews,Male
yes,0,28,2.45,0.04,78.87,yes,no,0,26,1,3,Micheal Le,Male
yes,0,35,1.91,0.03,42.62,yes,no,2,120,0,5,Matthew Valdez,Male
yes,0,41,3.2,0.13,335.44,yes,no,1,168,1,22,Jason Rhodes,Male
yes,0,40,4.0,0.07,248.72,yes,no,2,96,1,0,Amy Horn,Female
no,7,29,3.0,0.0,0.0,yes,no,2,60,1,8,Cassie Yoder,Female
yes,0,39,10.0,0.07,548.04,yes,yes,0,28,1,0,David Wang,Male
no,3,45,3.4,0.0,0.0,no,no,0,28,1,10,Pamela Williams,Female
yes,0,35,2.35,0.02,43.34,yes,no,2,115,1,1,Gordon Fuller,Male
no,1,25,1.88,0.0,0.0,no,no,2,7,0,2,Jennifer Rodriguez,Female
yes,0,34,2.0,0.13,218.52,yes,no,0,12,1,0,Brad Nichols,Male
yes,1,35,4.0,0.05,170.64,no,no,2,18,1,22,Christopher Huff,Male
yes,0,42,5.14,0.01,37.58,yes,no,2,13,1,17,Greg Oliver,Male
yes,0,30,4.51,0.13,502.2,no,no,2,38,1,7,Brandon Myers,Male
no,0,21,3.84,0.0,0.0,no,yes,1,12,0,1,Terry Stewart,Male
yes,0,22,1.5,0.06,73.18,no,no,0,64,1,6,Russell Tyler,Male
no,0,34,2.5,0.0,0.0,yes,no,1,12,1,0,Christopher Johnson,Male
yes,0,40,5.5,0.33,1532.77,yes,no,4,74,1,19,James Green,Male
yes,0,21,2.03,0.03,42.69,no,no,0,9,0,5,Adam Clayton,Male
yes,1,29,3.2,0.16,417.84,no,no,0,14,1,6,Nathaniel Aguirre,Male
no,1,24,3.15,0.0,0.0,yes,no,1,40,1,5,Richard Horton,Male
yes,0,21,2.47,0.27,552.72,yes,no,1,12,1,10,Frank Levine,Male
yes,0,23,3.0,0.09,222.54,no,no,0,12,1,5,Judith Salas,Female
yes,0,42,3.54,0.18,541.3,yes,no,6,108,1,15,Patricia Norris,Female
no,0,42,2.28,0.0,0.0,no,no,2,46,1,0,Joshua Conner,Male
yes,0,36,5.7,0.12,568.77,yes,no,1,36,1,16,Shawn Jones,Not Declared
yes,0,26,3.5,0.12,344.47,no,no,0,2,1,14,Robert Mercer,Male
yes,0,27,4.6,0.11,405.35,yes,no,4,28,1,13,Amy Rivera,Female
yes,0,26,3.0,0.12,310.94,yes,no,0,7,1,10,Richard Rice,Male
yes,0,23,2.58,0.03,53.64,no,no,0,8,1,1,Jake Foley,Male
yes,0,29,1.51,0.05,63.92,no,no,1,7,0,1,Andre Knox,Male
yes,0,30,1.85,0.11,165.86,no,no,0,60,1,12,Sharon Tran,Female
yes,0,38,2.6,0.0,9.58,no,no,0,12,1,1,Richard Bell,Male
no,0,28,1.8,0.0,0.0,no,yes,2,26,1,2,Austin Burns,Male
yes,0,35,2.0,0.19,319.49,no,no,0,156,1,4,Matthew Hayes,Male
no,0,37,3.26,0.0,0.0,no,no,1,98,0,1,Andrew Reilly,Male
yes,0,26,2.35,0.04,83.08,no,no,1,30,0,2,Jill Flores,Female
yes,0,27,7.0,0.11,644.83,yes,no,0,0,1,13,Bobby Odonnell,Male
no,0,49,3.6,0.0,0.0,no,no,2,12,0,0,Sean Choi,Male
yes,0,24,2.0,0.06,93.2,no,no,0,18,1,12,Sara Moreno,Female
yes,0,20,1.7,0.07,105.04,no,no,0,6,1,4,Kevin Stone,Male
yes,0,23,2.8,0.01,34.12,no,no,2,48,1,8,Michael Jones,Male
yes,0,25,2.4,0.02,41.19,no,no,0,34,1,2,Michael Snyder,Male
yes,1,32,3.0,0.07,169.89,no,no,0,216,0,5,James Davis,Male
yes,0,34,4.8,0.47,1898.03,no,no,3,12,1,1,Paul Livingston,Not Declared
yes,0,33,3.18,0.31,810.39,no,no,4,18,0,3,Jaime Murray,Not Declared
no,0,44,1.8,0.0,0.0,no,no,2,33,0,0,Emma Yang,Female
yes,0,21,1.5,0.03,32.78,no,no,0,20,1,4,Sharon Johnson,Female
yes,2,25,3.0,0.04,95.8,no,no,0,8,0,4,Zachary Cruz,Male
yes,0,27,2.28,0.01,27.78,no,no,3,36,1,5,James Green,Male
yes,0,26,2.8,0.09,215.07,no,no,1,12,1,16,Erin Rodriguez,Female
yes,0,22,2.7,0.04,79.51,no,no,0,3,1,0,Willie Arnold,Male
no,3,27,4.9,0.0,0.0,yes,no,2,16,1,15,Thomas Smith,Male
no,0,26,2.5,0.0,0.0,no,yes,0,18,0,0,Laurie Bowen,Not Declared
yes,0,40,6.0,0.06,306.03,no,yes,2,182,1,16,Lydia Edwards,Female
yes,0,42,3.9,0.03,104.54,no,no,0,78,1,2,James Jones,Male
no,0,21,5.1,0.0,0.0,no,no,0,25,1,0,Brooke Jordan,Female
yes,0,24,3.07,0.25,642.47,no,no,0,4,1,0,Brianna Elliott,Female
yes,0,30,2.46,0.15,308.05,yes,no,2,53,1,16,Michael White,Male
yes,0,27,2.0,0.11,186.35,no,no,0,9,1,5,Bruce Simmons,Male
yes,0,33,3.25,0.02,56.15,no,no,2,144,0,2,Olivia Martin,Female
yes,0,37,2.72,0.06,129.37,no,no,2,13,1,14,Sean White,Male
yes,0,26,2.2,0.05,93.11,no,no,0,144,1,10,Jeffrey Nelson,Male
no,1,24,4.1,0.0,0.0,no,no,1,5,0,4,Alicia Cooper,Female
yes,0,24,3.75,0.09,292.66,no,no,0,18,1,11,Matthew Rios,Male
yes,0,25,2.88,0.04,98.46,no,no,0,7,1,0,Bradley Pearson,Male
yes,0,0,3.05,0.1,258.55,no,no,1,94,1,5,Sean Morgan Jr.,Male
yes,0,32,2.55,0.05,101.68,no,no,2,6,1,18,Paul Reilly,Male
no,0,32,4.0,0.0,0.0,no,no,2,25,1,0,Adam Wilson,Male
yes,1,54,2.64,0.03,65.25,yes,no,1,78,1,19,Xavier Sanchez,Male
yes,0,19,1.65,0.08,108.61,no,no,0,37,1,8,Stephanie Cochran,Female
yes,0,29,2.4,0.02,49.56,no,no,0,30,1,4,Peter Brown,Male
no,3,40,3.71,0.0,0.0,no,no,2,15,1,11,Karen Le,Female
yes,0,40,7.24,0.04,235.57,yes,no,2,177,1,13,Tricia Robinson,Female
no,0,41,4.39,0.0,0.0,yes,no,3,172,1,9,Kevin Pierce,Male
no,0,34,3.3,0.0,0.0,yes,no,2,33,0,18,Mark Ramirez,Male
no,0,23,2.3,0.0,0.0,no,no,1,12,1,0,Gregory Reilly,Male
no,1,53,4.18,0.0,0.0,no,no,1,288,1,2,Sharon Fuller,Female
no,2,34,2.49,0.0,0.0,no,no,1,87,1,3,William Thompson,Male
no,0,44,2.81,0.0,0.0,yes,no,5,4,1,0,Ashley Young,Female
yes,0,43,2.4,0.03,68.38,no,no,0,12,1,0,Caitlin Mclaughlin,Female
no,4,35,1.5,0.0,0.0,no,no,1,7,1,9,Susan Williams,Female
no,2,35,8.4,0.0,0.0,no,no,2,69,1,12,Michael Romero,Male
yes,0,21,1.56,0.0,0.0,no,no,0,12,1,2,Reginald Gross,Male
yes,1,32,6.0,0.09,474.15,yes,no,0,48,1,6,Robert Keller,Male
yes,1,25,3.6,0.08,234.05,no,no,2,12,1,4,Anthony Brown,Male
yes,0,26,5.0,0.11,451.2,yes,no,0,5,1,16,Gary Williams,Male
yes,0,46,5.5,0.05,251.52,yes,no,2,161,1,7,Alexander Robinson,Male
yes,1,35,10.0,0.11,917.54,yes,no,0,72,1,29,Robert Graves,Male
no,0,35,4.55,0.0,0.0,yes,no,3,36,1,15,Joshua Lee,Male
no,0,20,2.9,0.0,0.0,no,no,0,36,1,3,Valerie Franco,Female
yes,0,25,1.8,0.1,147.72,no,no,0,1,0,9,James Huff,Male
yes,0,31,4.2,0.05,166.73,yes,no,0,53,1,0,Jody Spence,Female
yes,0,23,3.92,0.23,741.5,no,no,0,16,1,0,Allen Smith,Male
yes,0,23,3.62,0.04,106.17,no,no,1,51,0,6,Rebecca Hamilton,Female
yes,0,24,2.48,0.13,271.47,no,no,0,18,1,0,Jose Brown,Male
yes,0,40,10.0,0.08,635.05,yes,no,3,120,1,17,Walter Joseph,Male
yes,0,43,10.04,0.02,182.82,yes,no,1,12,1,18,Jessica Kirby,Female
yes,0,23,2.95,0.04,89.37,yes,no,0,12,1,17,Anna Yu,Female
yes,0,41,5.0,0.24,1011.33,no,no,1,36,1,5,Victor Luna,Male
yes,0,28,2.4,0.11,227.37,no,no,0,1,1,29,Chloe Walker,Female
yes,0,45,13.5,0.01,115.42,yes,no,2,126,1,9,Alexander Owens,Male
no,3,25,4.0,0.0,0.0,no,no,0,36,0,5,Lawrence Williams,Male
yes,1,37,3.9,0.09,297.97,no,no,0,51,1,4,Evan Guzman,Male
yes,1,37,2.0,0.06,101.26,yes,no,3,42,1,3,Michael Jensen,Male
yes,0,30,2.15,0.03,56.69,no,no,0,12,1,4,Heather Weiss,Female
yes,0,21,3.0,0.03,77.36,no,no,2,18,0,2,Michele Garcia,Female
yes,0,40,4.3,0.03,122.52,no,no,0,108,1,4,Richard Newton,Male
no,4,23,10.0,0.0,0.0,no,no,2,27,1,5,Andrew White DVM,Male
yes,0,21,2.5,0.01,13.4,no,no,0,32,1,3,David Henry,Male
yes,0,22,3.0,0.05,127.53,no,no,0,120,1,11,Jeffrey Hopkins,Male
yes,0,40,2.6,0.0,8.33,yes,no,0,52,1,3,Rodney King,Male
yes,1,18,1.66,0.06,78.43,yes,no,0,51,1,2,Elizabeth Daniels,Female
yes,0,34,4.5,0.0,11.17,yes,yes,4,30,1,6,Patricia Lyons,Not Declared
yes,0,25,5.0,0.03,131.88,no,no,0,38,1,16,Jonathan Morris,Male
yes,0,20,1.74,0.19,277.99,no,no,0,8,1,11,Thomas Davis,Male
yes,0,24,1.88,0.08,126.02,no,no,1,14,0,1,Joseph Jennings,Male
yes,0,41,3.0,0.1,238.86,yes,no,3,120,0,0,Sara Collins,Female
no,5,31,4.2,0.0,0.0,no,no,3,52,0,19,Mark Thomas,Male
no,0,53,4.9,0.0,0.0,yes,yes,0,108,0,1,Samuel Davis,Male
yes,0,24,2.13,0.02,37.08,no,no,1,13,1,4,Kevin Gillespie,Male
no,1,25,1.7,0.0,0.0,no,no,2,8,0,11,Jennifer Jarvis,Female
yes,0,21,1.68,0.11,156.58,no,no,0,18,0,2,Brian Gonzalez,Male
no,0,20,2.64,0.0,0.0,no,no,3,7,1,1,Christopher Austin,Male
yes,0,18,1.97,0.01,9.75,no,no,0,114,0,2,Sarah Hunt,Not Declared
yes,0,22,3.3,0.04,108.4,no,no,0,6,1,8,Kelly Nelson,Female
yes,0,21,1.59,0.21,271.55,no,no,0,180,1,16,Brandon Graham,Male
yes,0,42,3.6,0.02,53.3,no,yes,0,41,0,14,Charles George,Not Declared
yes,0,36,3.0,0.11,282.56,no,no,2,16,1,6,Steven Griffin,Male
yes,0,41,3.8,0.08,263.33,no,no,0,67,1,4,Adam Robinson,Male
yes,0,26,3.36,0.0,6.52,no,no,0,12,1,4,Kimberly Stone,Female
no,2,33,2.32,0.0,0.0,no,no,0,62,0,3,Joseph Lamb,Male
yes,0,43,7.8,0.01,43.04,yes,no,0,60,0,2,Gerald Rasmussen,Male
yes,0,30,2.5,0.04,73.8,yes,yes,3,30,1,9,Michael Barajas,Male
yes,0,25,1.5,0.01,15.42,no,no,1,12,1,7,Kevin King,Male
yes,0,35,3.58,0.1,313.35,yes,no,1,84,1,10,Jamie Austin,Female
yes,1,44,4.0,0.02,59.19,yes,no,0,36,1,13,Jeffrey Mathis,Male
yes,3,43,6.72,0.03,176.0,yes,no,3,30,1,27,Marcus Acosta,Male
yes,2,50,4.3,0.04,129.39,yes,yes,1,264,1,15,Benjamin Miller,Male
yes,0,31,3.5,0.01,30.37,yes,no,1,36,1,5,Brandon Fuentes,Male
no,1,43,3.95,0.0,0.0,yes,no,2,27,1,4,Melissa Henderson,Not Declared
no,5,27,4.0,0.0,0.0,yes,no,0,37,1,7,Mr. Franklin Jones,Male
yes,0,24,2.4,0.23,461.26,no,no,1,164,0,1,Collin Wagner,Male
yes,0,49,2.7,0.09,199.73,yes,no,0,120,0,3,Austin Marshall,Male
yes,0,28,6.6,0.01,38.71,no,no,2,55,1,7,Cynthia Roberts,Female
yes,0,26,2.7,0.04,92.26,no,no,0,18,1,0,Cody Williams,Male
yes,0,29,4.1,0.04,145.38,no,no,0,13,1,0,Jordan Pena,Male
yes,0,71,7.7,0.06,400.91,yes,no,1,24,1,9,Bryce Serrano,Male
yes,0,24,2.8,0.06,138.71,no,no,0,5,1,0,Lisa Ellis,Female
yes,0,25,3.12,0.04,110.3,no,no,2,3,1,6,Claudia Garrison,Female
yes,0,24,2.3,0.03,54.65,no,no,0,30,1,2,Andrea Johnson,Female
yes,0,30,3.67,0.0,4.58,yes,no,0,57,1,3,Brady Walters,Male
no,0,32,6.5,0.0,0.0,yes,no,0,50,1,6,Larry Leach,Male
yes,0,23,2.56,0.15,320.52,no,no,1,11,1,2,Richard Boyd,Male
yes,0,48,3.5,0.07,197.92,yes,no,0,48,1,9,Peter Bowers,Male
yes,0,25,3.24,0.03,68.87,no,no,0,30,1,19,Pedro Bolton,Male
yes,0,25,3.48,0.05,148.26,yes,no,0,14,1,5,Dylan Carroll,Male
yes,0,24,2.94,0.03,68.53,no,no,0,14,1,0,Derrick Davis,Male
no,1,29,2.48,0.0,0.0,no,no,1,12,0,5,John Miller,Male
no,5,28,3.12,0.0,0.0,no,no,0,13,0,7,Kevin Thompson,Male
no,0,32,2.5,0.0,0.0,no,no,1,60,1,0,Kendra Graham,Female
yes,0,26,3.0,0.05,121.56,yes,no,0,12,1,4,Breanna Parker,Female
yes,0,34,6.0,0.02,86.23,yes,no,1,48,1,5,Gabrielle Monroe,Female
yes,0,28,2.6,0.05,105.1,yes,no,0,27,1,6,Christian Everett,Male
yes,0,23,3.9,0.02,58.99,no,no,1,14,1,7,George Gomez,Male
no,1,30,2.5,0.0,0.0,no,no,0,18,1,6,Jason Contreras,Male
no,1,34,3.3,0.0,0.0,no,no,3,48,0,3,Mathew Armstrong,Male
yes,0,31,5.9,0.03,123.89,no,no,1,12,1,2,Emily Golden,Female
yes,1,36,7.8,0.01,78.54,yes,no,1,24,1,18,Kathryn Clark,Not Declared
no,3,32,2.06,0.0,0.0,no,no,0,48,1,8,Robert Terrell,Male
yes,0,31,5.7,0.01,38.06,yes,yes,2,84,0,26,Amanda Burgess,Female
yes,0,28,2.16,0.03,46.14,no,no,2,7,1,0,Gabrielle White,Female
no,3,41,4.6,0.0,0.0,no,no,0,57,1,3,Valerie Carpenter,Female
yes,0,21,3.5,0.09,265.01,no,no,2,42,1,9,Clifford Woods,Male
yes,0,30,2.55,0.04,74.73,yes,no,1,11,1,0,Michael Hardy,Male
yes,0,43,1.75,0.07,107.76,yes,no,0,18,0,2,Veronica Jennings,Female
yes,0,29,1.95,0.0,6.5,yes,no,2,96,1,2,John Curry,Male
yes,0,33,5.0,0.05,209.06,yes,no,3,10,1,10,Deborah Castaneda,Not Declared
yes,0,24,2.89,0.08,193.07,no,no,0,12,0,0,Ann Hamilton,Not Declared
yes,0,25,2.7,0.06,144.38,yes,no,1,17,1,8,Steven Wong,Male
yes,0,24,4.0,0.11,358.97,no,no,0,7,1,10,Gina Harris,Female
yes,0,24,2.3,0.03,59.15,no,no,0,12,1,0,Alyssa Holland,Female
yes,0,32,2.4,0.0,0.0,no,no,1,11,1,8,Kevin Kramer,Male
no,0,46,2.6,0.0,0.0,no,no,0,61,1,8,Michelle Hoffman,Female
yes,0,21,2.4,0.23,465.2,yes,no,1,168,1,4,Michael Pierce,Male
yes,0,36,2.52,0.07,142.24,no,no,2,53,0,3,Donna Ross,Female
yes,0,23,1.56,0.39,501.8,no,no,0,33,0,1,Angelica Ortega,Female
yes,0,49,2.4,0.04,88.59,no,yes,0,14,1,6,Eric Ibarra,Male
yes,0,26,2.0,0.17,282.88,no,no,0,2,1,2,Jeffrey Callahan,Male
yes,1,29,2.58,0.17,361.16,no,no,0,6,1,12,Bonnie Fisher,Female
yes,0,33,3.15,0.06,150.18,no,yes,0,128,0,3,Charles Roth,Male
yes,0,29,2.3,0.04,76.24,no,no,2,24,0,5,Ashley Holmes,Female
yes,0,47,4.65,0.02,58.25,no,no,2,25,1,11,Christian Robles,Male
yes,0,21,3.12,0.03,88.23,no,no,0,56,1,3,Alison Elliott,Female
yes,0,30,2.0,0.0,7.08,yes,no,3,45,1,14,Erin Hunter,Female
no,6,62,2.55,0.0,0.0,no,no,2,20,0,13,Heather Thompson,Not Declared
yes,1,21,2.46,0.14,289.04,no,no,1,4,1,11,Thomas Brown,Male
yes,0,30,3.8,0.03,102.98,no,no,0,26,0,1,Tonya Williams,Female
yes,0,47,2.64,0.01,13.92,yes,no,0,4,1,12,Kayla Nicholson,Female
yes,1,39,7.0,0.11,641.42,yes,no,2,30,0,22,Michael Johnson,Male
no,0,53,2.8,0.0,0.0,no,no,1,156,0,11,James Williams,Male
no,0,22,3.15,0.0,0.0,no,no,2,19,0,0,Daniel Rogers,Male
no,1,24,6.0,0.0,0.0,no,no,2,17,1,2,Daniel Lamb,Male
yes,0,25,3.25,0.03,84.28,no,no,0,6,1,17,David Garcia,Male
yes,0,61,4.32,0.04,132.85,yes,no,1,252,0,0,Christopher Hoffman,Male
yes,0,29,2.5,0.08,159.6,no,no,0,7,1,21,Patrick Cook,Male
yes,0,35,3.0,0.05,135.04,no,no,1,6,1,8,Noah Brown,Male
yes,0,26,3.5,0.09,250.52,no,no,0,52,1,2,Jennifer Holden,Female
yes,0,42,4.56,0.05,188.62,no,no,0,144,1,11,Shaun Roberts,Male
yes,0,27,2.76,0.01,23.25,no,no,0,30,1,1,Sean Mason,Not Declared
yes,0,22,2.54,0.1,214.06,yes,no,2,23,1,9,Andrea Butler,Female
no,7,40,3.24,0.0,0.0,no,no,0,50,1,16,Paul Andersen,Male
no,2,35,3.84,0.0,0.0,no,no,0,38,0,2,Crystal James,Female
yes,0,32,1.32,0.04,42.63,no,no,1,6,1,2,Patrick Osborne,Male
no,0,25,3.9,0.0,0.0,no,no,0,18,1,3,William Martin,Male
no,0,56,2.04,0.0,0.0,yes,no,0,35,1,11,Melissa Jensen,Female
yes,1,30,7.29,0.08,474.5,yes,no,4,43,1,14,Gregory Sanford,Male
yes,0,25,7.5,0.05,304.38,yes,no,0,300,1,8,James Simpson,Male
yes,0,34,3.26,0.03,78.75,no,no,1,31,1,6,Benjamin Spence,Male
yes,0,24,1.63,0.18,238.33,no,no,1,4,1,5,Rebecca Scott,Female
yes,0,40,8.0,0.05,311.14,yes,no,2,38,1,0,Timothy Ingram,Male
yes,0,31,2.2,0.04,77.05,yes,no,2,17,1,16,Johnny Moore,Male
yes,0,27,5.0,0.03,120.4,yes,no,1,24,1,0,Troy Taylor,Male
yes,0,30,3.0,0.06,156.57,yes,no,2,72,1,8,Brian Patrick,Male
yes,0,46,2.0,0.01,10.58,yes,no,0,76,1,1,Ashley Brown,Female
yes,0,20,1.54,0.09,114.82,no,no,0,6,1,2,Christopher Merritt,Male
no,0,28,1.5,0.0,0.0,no,no,1,5,0,0,Brooke Brown,Female
yes,0,51,3.0,0.07,179.77,yes,no,0,121,1,0,Joseph Jones,Male
yes,1,41,5.0,0.15,625.37,yes,no,3,84,1,7,Carlos Romero,Male
yes,0,51,4.72,0.02,84.9,yes,no,1,60,0,0,Jordan Bush,Male
yes,0,53,1.5,0.0,0.0,yes,no,0,57,0,6,Mary Taylor,Female
yes,0,26,2.3,0.04,67.67,no,no,0,24,1,0,Richard Carpenter,Male
yes,0,20,1.6,0.08,111.69,no,no,0,3,1,0,Scott Kim,Male
yes,0,27,2.2,0.14,257.3,no,no,0,3,0,1,Jennifer Mendez,Female
yes,0,23,4.32,0.19,675.77,no,no,2,36,1,11,Richard Brown,Male
no,0,23,2.6,0.0,0.0,no,yes,0,37,1,7,Brandon Lynch,Male
yes,0,20,1.68,0.18,245.33,no,no,0,10,1,0,Loretta Wilson,Female
yes,0,83,2.87,0.01,13.33,yes,yes,0,38,0,11,Mindy Chavez,Female
yes,0,24,2.6,0.07,149.54,no,yes,0,21,1,2,Kevin Watson,Male
yes,0,33,2.9,0.1,253.37,yes,no,2,14,1,20,Derrick Williams,Male
yes,0,25,2.65,0.01,20.48,no,no,0,12,1,9,Johnny Gonzalez,Male
yes,0,26,1.9,0.03,41.82,no,no,0,18,1,9,Michael Phillips,Male
yes,0,65,2.95,0.05,118.71,yes,no,1,230,1,19,Robert Anderson,Male
yes,0,21,3.12,0.09,225.46,no,no,1,10,0,6,Colleen Brown,Female
yes,0,35,4.11,0.03,101.2,yes,no,1,37,1,23,Theresa Vargas,Female
no,1,46,6.0,0.0,0.0,yes,no,2,84,1,46,Adam Johnson,Male
yes,0,25,2.0,0.01,10.42,no,no,0,24,1,19,Joy White,Female
no,2,35,3.38,0.0,0.0,yes,no,2,18,1,15,Brandon Moran,Male
yes,0,33,3.5,0.0,7.17,no,no,0,12,1,0,James Gonzales,Male
yes,0,30,2.6,0.01,12.08,yes,no,4,51,1,16,James Woods,Male
no,11,26,3.5,0.0,0.0,no,no,0,14,0,27,Stephen Rodriguez,Male
yes,1,24,2.8,0.06,146.86,no,no,0,14,1,11,Erin Murray,Female
yes,0,37,5.9,0.07,324.62,yes,no,3,28,1,11,David Smith,Male
yes,0,46,5.4,0.06,268.72,yes,no,4,204,1,7,Cathy Anderson,Female
yes,0,29,2.8,0.11,249.17,no,no,0,50,1,3,Thomas Burns,Male
yes,0,43,3.9,0.02,50.08,yes,no,3,179,1,6,Madeline Smith,Female
yes,0,46,3.4,0.03,87.64,no,no,0,42,1,4,Billy Long,Male
yes,0,21,2.08,0.12,203.37,no,no,0,5,1,0,Jeremiah Lopez,Male
yes,0,57,2.5,0.05,105.12,yes,no,0,24,1,13,Vincent Harris,Male
yes,1,23,1.95,0.03,50.18,no,no,0,3,1,4,Jessica Atkinson,Female
yes,0,25,2.1,0.19,327.11,no,no,0,15,1,6,Shannon Brown,Female
no,0,30,3.0,0.0,0.0,yes,no,1,28,1,6,Kayla Lee,Not Declared
yes,1,34,3.2,0.07,175.14,yes,no,2,25,1,8,Bradley Rose,Male
no,4,37,2.6,0.0,0.0,no,no,0,40,1,14,Molly Williams,Female
yes,0,40,3.07,0.16,408.08,no,no,2,18,0,0,Shawna Campbell,Female
yes,0,24,2.8,0.01,33.57,no,no,0,60,1,11,Justin Williams,Male
yes,0,31,4.8,0.1,404.49,yes,no,0,30,1,13,Michael Erickson,Male
no,0,41,4.74,0.0,0.0,yes,no,0,13,1,0,Julie Bishop,Female
yes,0,29,2.8,0.03,80.45,yes,no,0,80,1,14,Michael Delacruz,Male
yes,0,35,4.2,0.0,8.33,yes,no,4,59,1,13,Judy Wood,Female
yes,0,42,4.0,0.07,240.28,no,no,2,180,1,9,Jason Rich,Male
no,4,25,1.65,0.0,0.0,no,no,0,36,1,5,Joshua Rivera,Male
yes,0,34,4.3,0.02,88.95,no,no,1,12,1,2,Gregory Hartman,Male
yes,0,63,6.45,0.0,0.0,yes,no,0,42,1,13,Paul Santos,Male
yes,1,21,3.0,0.0,11.0,no,no,1,18,0,7,Thomas Thomas,Male
yes,0,21,1.75,0.19,281.81,no,no,0,6,0,3,Timothy Cox,Male
no,0,22,1.8,0.0,0.0,no,no,0,3,0,6,Lori Adams,Female
yes,0,22,2.15,0.01,17.17,no,no,0,12,1,1,Felicia Melendez,Not Declared
no,0,23,7.88,0.0,0.0,no,yes,4,6,1,9,Rose Donaldson,Female
no,2,26,2.6,0.0,0.0,no,no,0,12,1,9,Ralph Lloyd,Male
yes,0,35,2.42,0.06,119.62,yes,no,0,56,1,10,Brian Murphy,Male
yes,0,41,2.8,0.04,86.55,yes,no,0,48,0,6,Diane Day,Female
yes,0,40,3.64,0.03,94.12,no,no,1,41,1,1,Jorge Rich,Male
yes,1,53,10.0,0.1,832.24,yes,no,3,120,1,3,Jerry Rodriguez,Male
no,0,20,1.95,0.0,0.0,no,no,0,14,0,1,Michael Harrison,Male
yes,2,34,6.5,0.14,762.38,yes,no,0,12,1,13,Robert Collier,Male
yes,0,32,3.8,0.01,26.0,yes,no,0,51,1,7,Michael Lee,Male
yes,0,40,2.15,0.13,227.6,no,no,1,67,0,16,Daniel Peterson,Male
yes,2,38,4.0,0.11,379.87,no,no,0,120,1,8,Dr. Cindy Lee,Female
yes,0,22,3.1,0.24,620.05,no,no,0,3,1,0,Jessica Sutton,Female
no,0,31,4.01,0.0,0.0,no,no,0,42,1,0,Ronald Diaz,Male
yes,0,29,4.58,0.01,48.62,no,no,0,50,1,7,Donald Martinez,Male
yes,0,33,1.8,0.13,195.45,yes,no,3,12,1,2,Alicia Mann,Female
no,4,38,1.71,0.0,0.0,no,no,2,42,1,2,Steven Morales,Male
yes,0,21,2.26,0.06,122.19,yes,no,0,6,1,0,Alex Mason,Male
yes,0,26,3.5,0.13,384.9,no,no,2,12,1,0,Shane Robinson,Male
yes,0,40,10.0,0.02,129.33,yes,no,4,72,1,21,Andrew Henry,Male
yes,0,23,1.57,0.0,0.0,yes,no,1,6,1,0,Yolanda Coleman,Female
yes,0,37,2.96,0.0,4.58,yes,yes,1,93,1,13,Frank King,Male
yes,1,27,2.7,0.09,210.65,no,no,0,9,1,13,John Arellano,Male
yes,0,21,2.16,0.11,198.55,yes,no,0,18,1,7,Zachary Foley,Male
yes,0,26,4.0,0.0,3.17,no,no,2,18,0,0,Andrew Combs,Male
no,5,31,4.5,0.0,0.0,yes,no,0,36,1,11,Amy Campbell,Female
no,0,33,1.8,0.0,0.0,yes,no,2,11,1,13,Eric Wilkerson,Male
yes,0,27,2.75,0.07,153.73,no,no,0,6,1,3,Dawn Anderson,Female
yes,0,39,2.42,0.02,34.16,yes,no,1,49,1,25,Nathan Watson,Not Declared
no,0,23,2.25,0.0,0.0,no,no,3,12,1,0,Jose Moore,Male
no,0,23,1.2,0.0,0.0,no,no,0,15,0,0,Stephen Ford,Male
no,2,28,2.6,0.0,0.0,yes,no,2,31,1,3,Ronald Collins,Male
no,0,26,1.5,0.0,0.0,no,no,0,8,1,0,Justin Savage,Male
yes,0,25,2.1,0.2,344.18,yes,no,1,22,1,19,Stephanie Sullivan,Female
yes,0,0,3.24,0.18,497.71,yes,no,3,25,1,16,Heather Mendoza,Female
no,0,36,2.22,0.0,0.0,yes,no,2,4,1,0,Terry Mitchell,Female
no,2,34,4.9,0.0,0.0,no,no,2,408,1,3,John Newman,Not Declared
yes,0,41,2.3,0.05,87.1,yes,no,0,42,1,12,John Leach,Male
no,2,28,3.3,0.0,0.0,no,no,1,36,1,17,Derek Brown,Male
no,3,44,2.5,0.0,0.0,yes,no,2,62,1,18,Lisa Palmer,Female
yes,0,34,2.2,0.04,80.87,yes,no,2,4,1,10,Jason Davis,Male
yes,1,35,2.4,0.07,143.35,yes,no,0,27,1,18,Gregory Vazquez,Male
yes,0,22,2.7,0.05,105.28,no,no,0,15,1,7,Donald Wood,Male
yes,0,34,3.7,0.19,583.78,yes,yes,2,5,1,2,Angela Lewis,Female
no,5,27,2.12,0.0,0.0,no,no,0,44,1,10,Betty Phelps,Female
yes,0,34,6.2,0.18,950.86,yes,no,0,60,1,11,Fernando Roach,Male
yes,0,40,2.5,0.05,105.96,no,no,1,24,1,2,Andrew Gomez,Male
no,1,24,2.0,0.0,0.0,no,no,0,52,0,3,Roger Ingram,Not Declared
no,0,30,2.4,0.0,0.0,no,yes,2,72,1,11,Heather Miller,Female
yes,0,45,4.03,0.04,137.07,no,no,0,72,1,2,Michael Garza,Male
no,0,31,3.0,0.0,0.0,no,no,0,12,0,0,Christina Medina,Female
yes,0,24,2.9,0.0,0.31,yes,no,0,60,1,8,Leah Scott,Female
yes,0,27,1.99,0.06,100.14,yes,no,1,12,1,5,Robert Pollard,Male
yes,0,56,1.92,0.2,320.68,yes,yes,1,64,1,9,Corey Crawford,Male
yes,1,34,5.0,0.16,683.43,yes,yes,1,108,1,6,Nicole Malone,Female
no,2,32,2.16,0.0,0.0,yes,no,1,38,0,8,Jason Thomas,Male
yes,0,26,2.2,0.08,145.7,no,no,0,30,1,3,Melissa Wagner,Female
yes,0,20,2.24,0.05,93.92,no,no,0,27,1,1,David Myers,Male
no,2,40,2.4,0.0,0.0,no,no,0,72,1,6,Tanya Rodriguez,Female
yes,0,40,1.9,0.11,167.83,yes,no,3,108,1,17,Kelly Jacobs,Female
yes,0,25,5.5,0.15,703.41,yes,no,1,30,1,13,Ryan Boone,Male
no,0,32,2.16,0.0,0.0,no,no,0,42,0,0,Hannah Ramirez,Female
yes,2,26,7.0,0.22,1292.0,no,yes,0,13,1,31,Dr. Jimmy King,Male
no,3,36,2.6,0.0,0.0,yes,no,1,54,1,14,Michael Gray,Male
no,0,22,2.5,0.0,0.0,no,no,0,27,1,0,Sarah Johnson,Female
yes,0,28,3.9,0.08,248.91,no,no,0,48,1,10,Jessica Scott,Female
yes,0,49,5.2,0.02,71.53,yes,no,1,15,1,6,Timothy Webb,Male
yes,1,24,3.25,0.13,347.95,no,no,0,12,0,5,Heather Brown,Female
yes,0,32,3.6,0.0,4.58,no,no,0,25,1,2,Mark Solis,Male
yes,0,32,10.0,0.1,831.73,yes,no,3,7,1,28,Tiffany Martinez,Female
yes,0,36,3.7,0.03,101.76,yes,no,2,6,0,18,Tyler White,Male
yes,0,29,4.47,0.11,424.18,yes,yes,0,63,1,5,Michael Weiss,Male
no,0,36,5.2,0.0,0.0,yes,no,2,12,1,0,Travis Burton,Male
yes,0,22,4.8,0.06,232.28,no,no,2,2,1,4,Jose Stephens,Male
yes,0,61,1.5,0.27,335.56,yes,no,1,372,1,24,Cindy Spencer,Female
yes,0,54,1.5,0.02,20.18,no,no,0,24,0,1,Donald Richards,Male
no,0,25,1.85,0.0,0.0,no,no,0,14,1,0,Brittany Rodriguez PhD,Not Declared
yes,0,30,2.45,0.06,119.0,no,no,0,8,1,0,Karen Peck,Female
yes,0,27,1.89,0.04,69.03,no,no,0,51,1,12,Justin Tran,Male
yes,0,39,3.5,0.05,131.67,yes,no,2,113,0,13,Micheal Thompson,Male
no,0,24,2.79,0.0,0.0,no,no,0,4,1,0,Rachel Reynolds,Female
yes,0,47,4.5,0.14,523.12,yes,no,0,3,1,13,William Hunt,Male
no,4,24,2.8,0.0,0.0,no,no,0,12,1,7,Jeff Vaughn,Male
no,3,32,2.8,0.0,0.0,yes,no,3,106,0,11,Mary Silva,Female
yes,0,33,4.5,0.1,391.42,no,no,1,36,1,2,James Cooper,Male
yes,0,45,3.8,0.03,99.1,yes,no,1,90,1,3,Sandra Ward,Female
no,0,32,5.0,0.0,0.0,no,yes,0,14,1,0,Paul Figueroa,Male
yes,0,23,2.7,0.17,379.3,no,no,0,2,1,0,Tara Rivera,Female
no,2,25,2.5,0.0,0.0,no,yes,1,30,1,18,Lee Fowler,Male
yes,0,26,3.2,0.15,398.85,yes,no,2,12,1,0,Nicole Peterson,Female
yes,0,22,1.92,0.02,34.09,yes,no,2,12,1,21,Dr. Amanda Thomas,Female
yes,0,45,2.31,0.22,423.13,no,no,1,94,1,5,Stephen Pope,Male
no,0,29,1.7,0.0,0.0,no,no,1,28,1,0,John Nguyen,Male
yes,0,48,3.0,0.1,241.42,yes,no,2,120,0,3,Heather Washington,Female
yes,0,39,2.45,0.07,145.72,yes,no,3,38,1,8,Christopher Valentine MD,Male
yes,0,20,3.4,0.0,0.92,no,no,0,15,0,0,Adam Martinez,Male
yes,0,32,2.5,0.25,512.01,no,no,1,6,1,9,Louis Blankenship,Male
yes,0,39,3.0,0.13,318.51,yes,no,0,72,1,9,Maria Butler,Not Declared
yes,0,26,3.15,0.07,189.68,no,no,0,6,1,0,Michelle Day,Female
yes,0,27,3.5,0.07,194.47,no,no,0,6,1,0,Joyce Marshall,Female
yes,0,19,1.8,0.12,182.61,no,no,0,12,1,0,Bradley Prince,Male
yes,0,24,2.25,0.16,297.03,no,no,1,10,1,9,Kristen Atkins,Not Declared
yes,0,22,2.0,0.02,37.97,no,no,0,25,1,11,Michael Cruz,Male
yes,0,27,4.1,0.12,395.58,yes,no,2,41,1,14,George Raymond,Male
yes,0,23,2.97,0.08,204.54,no,no,0,4,1,7,Steven Lewis,Male
yes,0,41,5.5,0.03,148.37,yes,no,3,9,1,0,Michael Perry,Male
yes,0,27,3.15,0.06,170.47,yes,no,2,24,1,9,Sheila Ware,Female
yes,0,46,3.5,0.04,122.93,no,yes,2,48,1,1,Dylan Abbott,Male
yes,0,21,1.53,0.0,4.58,no,no,0,14,1,11,Amanda Mitchell,Female
yes,0,32,5.1,0.1,430.69,yes,no,0,38,1,10,Alexander Clayton,Male
yes,0,22,2.25,0.01,20.08,no,no,0,12,1,4,Brandon Bartlett,Male
yes,0,25,3.41,0.01,17.78,yes,no,1,7,1,6,Jill Moore,Female
yes,0,35,3.7,0.12,376.63,yes,no,1,12,1,0,Jacob Carter,Male
no,0,34,3.4,0.0,0.0,no,no,0,12,1,0,Jack Glenn,Male
yes,0,35,4.14,0.14,474.06,yes,no,0,12,1,18,Donald Walker,Male
no,4,38,4.8,0.0,0.0,yes,no,1,42,1,6,Kimberly Grant,Not Declared
yes,0,34,7.0,0.05,293.07,yes,no,3,3,1,0,Andrew Castillo,Male
yes,0,28,7.0,0.11,631.97,yes,yes,0,12,1,5,Daniel Beasley,Male
yes,1,29,2.2,0.04,69.79,no,no,0,49,1,7,Leon Glass DDS,Male
no,0,28,2.06,0.0,0.0,yes,no,0,31,0,12,Nicole Williams,Female
no,0,22,1.54,0.0,0.0,no,no,0,12,0,3,Jason Fowler,Male
no,3,36,4.0,0.0,0.0,yes,no,0,28,1,12,Carrie Hooper MD,Female
yes,0,43,10.5,0.0,8.75,yes,no,4,168,1,16,Scott Gonzalez,Male
yes,0,32,3.05,0.05,127.47,no,no,0,62,0,10,Anthony Spencer,Male
yes,1,56,3.48,0.06,182.1,yes,no,0,540,1,7,Elizabeth Hines,Female
yes,0,24,3.0,0.0,6.15,yes,no,2,18,1,6,Donald Payne,Male
yes,0,34,5.1,0.1,412.19,yes,no,4,3,1,0,Joshua Fuentes,Male
yes,0,53,2.45,0.02,35.67,yes,no,0,3,1,11,Robert Burgess,Male
yes,0,31,2.0,0.12,205.94,yes,no,1,42,0,6,Michael Curtis,Male
yes,0,54,4.0,0.01,43.97,yes,no,1,188,1,13,Grant Newman,Male
yes,0,45,3.48,0.06,188.1,yes,yes,1,16,1,21,Bradley Hudson,Male
yes,0,20,2.0,0.0,7.08,yes,yes,0,18,0,3,Lisa Oliver,Female
yes,0,27,2.15,0.27,484.44,no,no,0,6,1,12,Shane Wallace,Male
no,0,37,4.47,0.0,0.0,no,no,2,60,1,15,Tina Galvan,Female
yes,0,33,1.7,0.01,8.78,no,no,0,146,1,17,Jose Douglas,Male
yes,0,28,3.0,0.07,174.92,no,no,0,18,1,11,John Austin,Male
yes,0,27,2.36,0.01,21.33,yes,no,2,6,1,5,Anthony King,Male
yes,0,50,4.5,0.1,361.0,yes,no,2,301,1,11,Jason Ball,Male
yes,0,48,3.7,0.04,114.6,yes,no,2,192,0,7,Martin Smith,Male
yes,0,25,5.5,0.02,113.3,yes,yes,0,16,1,0,Matthew Hughes,Male
yes,0,30,3.37,0.01,33.51,yes,no,0,10,1,9,Robert Washington,Male
yes,0,63,5.5,0.02,93.62,yes,no,1,192,1,15,Monica Rodriguez,Female
no,1,32,6.0,0.0,0.0,yes,no,4,18,1,4,Steven Warner,Male
yes,0,28,6.9,0.07,415.81,yes,no,0,14,1,0,Teresa Mcmahon,Female
yes,0,28,2.75,0.38,875.89,yes,no,1,3,1,3,Stacy Gaines PhD,Female
yes,0,0,2.5,0.08,173.02,no,no,0,150,1,5,Karen Evans,Female
yes,0,25,2.0,0.0,7.42,no,no,0,26,1,13,Dakota Brown,Male
yes,0,21,2.69,0.07,165.93,no,no,3,85,1,12,Tony Estes,Male
yes,0,27,2.68,0.01,15.58,no,no,4,36,1,4,James Swanson,Male
yes,0,22,1.8,0.12,178.92,no,no,0,6,0,2,Clayton Johnson,Male
yes,0,25,1.56,0.04,44.94,no,no,1,12,1,0,David Rose,Male
yes,0,20,1.5,0.12,149.55,no,no,0,3,1,3,Samantha Daniel,Female
yes,0,25,1.88,0.0,3.75,no,no,0,4,1,5,Kevin Howard,Male
no,2,36,2.52,0.0,0.0,yes,no,0,77,1,9,Kristine Mendoza,Female
yes,0,19,2.23,0.04,82.92,no,no,0,133,0,5,Michael Montes,Male
no,0,31,1.78,0.0,0.0,no,no,0,14,1,0,Cody Lewis,Male
yes,0,29,4.01,0.0,8.33,no,no,0,120,1,15,Jane Mcintyre,Not Declared
yes,0,51,12.5,0.3,3099.5,yes,no,1,120,1,21,Katie Campbell,Female
yes,0,31,1.6,0.23,300.46,no,no,0,6,1,8,Christina Alexander,Female
yes,0,46,5.0,0.03,112.92,yes,no,1,7,1,7,Kristen Graves,Female
yes,0,24,2.28,0.05,94.14,yes,no,2,31,1,6,Anthony Barnett,Male
yes,0,54,3.4,0.08,215.44,no,no,1,12,1,7,Sandy Stewart,Female
yes,0,21,1.75,0.02,35.17,yes,no,0,131,1,3,Tony Walker,Male
yes,0,27,3.25,0.01,22.46,yes,no,0,48,1,6,Maria Ramos,Female
yes,0,45,3.9,0.09,294.58,no,no,0,120,1,12,Isabel Robinson MD,Female
no,0,35,1.85,0.0,0.0,no,no,0,62,0,0,Kevin Jenkins,Male
yes,0,40,4.0,0.0,10.29,yes,no,1,84,1,9,George Rosales,Not Declared
yes,0,54,4.3,0.18,632.08,yes,no,1,120,1,6,Matthew Holland,Male
yes,0,28,3.5,0.11,326.57,yes,no,2,48,0,7,Andrea Miller,Female
yes,1,34,8.1,0.11,747.67,yes,yes,3,36,1,15,Melissa Lee,Female
yes,1,30,4.0,0.05,170.18,yes,no,5,28,1,7,Bryan Quinn,Male
yes,1,33,2.0,0.91,1510.53,no,no,0,12,1,5,Susan Huang,Female
no,0,0,3.0,0.0,0.0,no,no,0,18,0,2,Matthew Anderson,Male
yes,0,51,5.3,0.04,191.7,no,no,1,108,1,2,Hannah Kirby,Female
no,7,25,2.6,0.0,0.0,no,no,3,36,1,11,Steve Miller,Male
yes,0,27,2.52,0.09,188.19,no,no,1,12,1,0,John Knight,Male
no,0,23,2.2,0.0,0.0,no,no,0,31,0,0,Melanie Gregory,Female
yes,0,29,2.5,0.53,1096.66,no,no,0,12,1,14,Gilbert Ford,Male
yes,0,33,3.5,0.09,276.98,no,no,0,4,1,13,Charles Phillips,Male
no,1,30,4.35,0.0,0.0,no,no,0,28,1,5,Brian Hopkins,Male
no,0,38,1.6,0.0,0.0,no,no,0,51,1,1,Bryce James,Male
yes,0,32,2.0,0.02,38.36,no,no,2,24,1,4,Mario Gardner,Male
yes,1,43,4.8,0.37,1482.37,yes,no,0,3,1,4,Diane Smith,Female
yes,0,29,3.0,0.02,45.88,yes,no,2,28,1,4,Charles Morales,Male
yes,0,62,1.64,0.05,64.07,yes,no,0,270,0,1,Charles Thomas,Male
no,2,35,2.9,0.0,0.0,no,no,1,102,1,21,Natalie Hale,Female
yes,0,21,2.38,0.02,35.17,no,no,0,7,0,5,Brandon Villa,Male
yes,0,38,2.3,0.07,129.42,yes,no,0,3,1,3,Richard Mccarthy,Male
yes,0,39,8.1,0.1,663.77,yes,no,3,43,1,13,Michael Johnson,Male
no,2,40,3.57,0.0,0.0,no,yes,0,31,1,7,Casey Kerr,Male
no,0,34,1.94,0.0,0.0,no,no,1,54,1,1,Annette Sanford,Female
yes,0,34,2.75,0.03,75.63,yes,no,0,151,1,11,John Dunn,Male
yes,0,28,3.5,0.0,3.75,yes,no,1,31,1,7,Sean Obrien,Male
yes,0,47,7.0,0.05,301.25,yes,no,1,144,1,8,Sara Fuller,Female
yes,0,28,2.8,0.1,224.58,no,no,0,5,0,1,John Rosales,Male
yes,0,22,1.95,0.04,60.58,no,no,0,3,1,0,Michael Mcclain,Male
no,0,45,6.5,0.0,0.0,no,no,2,34,1,9,Lindsey Jackson,Female
yes,0,22,2.5,0.24,498.93,no,no,0,2,1,0,Kimberly Miller,Female
yes,1,37,3.0,0.0,8.33,no,no,0,60,1,9,Jessica Cannon,Female
yes,0,27,1.8,0.07,105.51,yes,no,2,6,1,4,Charles Pope,Male
yes,0,39,2.6,0.03,56.33,yes,no,3,70,1,9,Erica Williams,Not Declared
yes,0,51,3.6,0.07,212.48,yes,no,1,125,1,13,Michael Mckee,Male
yes,0,23,2.3,0.01,14.33,no,no,2,14,0,0,Joshua Thornton,Male
no,1,21,1.78,0.0,0.0,no,no,0,5,1,1,Wendy Thomas,Female
yes,0,21,3.86,0.0,0.0,yes,yes,0,18,1,8,Kyle Stevens,Male
yes,0,45,4.9,0.01,58.93,yes,no,2,159,1,4,Matthew Newton,Not Declared
no,0,39,3.6,0.0,0.0,no,no,0,14,0,0,James Barry,Male
yes,0,42,3.24,0.02,66.26,yes,no,2,36,1,3,Michael Wiley,Male
no,2,27,1.85,0.0,0.0,no,no,0,24,1,12,Holly Harris,Female
yes,0,25,1.85,0.06,91.96,yes,no,0,24,1,9,Lisa Williams,Female
yes,0,25,1.56,0.17,215.88,no,no,0,12,1,0,Joseph Mcgee,Male
yes,0,31,4.08,0.01,22.99,yes,no,1,101,1,9,Lisa Buchanan,Female
no,5,25,3.3,0.0,0.0,yes,no,1,75,1,23,Shane Mayer,Male
yes,0,24,2.51,0.11,240.38,no,no,0,10,1,12,Micheal Walsh,Male
yes,0,28,4.38,0.02,89.96,yes,no,1,84,0,1,Thomas Soto,Male
yes,0,26,2.35,0.06,126.65,no,no,1,26,1,2,Isabella Bush,Female
yes,0,20,4.0,0.04,140.35,yes,no,0,24,1,4,Bruce Vazquez,Male
no,2,35,5.1,0.0,0.0,yes,no,1,63,1,8,Lisa Summers,Female
yes,0,32,3.0,0.12,294.56,yes,no,2,9,1,0,Richard Cooper,Male
yes,0,28,3.5,0.02,68.36,yes,no,5,42,1,12,Cassandra Conner,Female
yes,0,39,3.5,0.03,101.49,yes,no,0,12,1,0,Billy Nelson,Male
yes,0,34,5.5,0.24,1088.74,yes,no,4,12,1,0,David Johnson,Male
yes,0,51,3.8,0.02,47.79,yes,no,1,51,1,5,Diane Hall,Female
yes,0,22,1.79,0.03,50.03,no,no,0,3,1,0,Brian Arias,Male
yes,0,38,5.1,0.08,344.01,yes,no,3,126,1,17,Corey Watson,Male
yes,0,46,8.94,0.03,188.3,yes,no,0,96,1,17,Dr. Crystal Palmer,Female
yes,0,50,7.1,0.04,245.35,yes,no,2,12,1,0,Daniel House,Male
yes,0,32,2.4,0.14,285.28,yes,no,0,96,0,8,Anthony King,Male
yes,1,30,3.3,0.01,17.58,no,no,0,19,1,12,Krista Stevens,Female
yes,0,38,6.5,0.29,1569.68,yes,no,4,117,1,18,Jason Mitchell,Male
yes,0,39,4.81,0.01,43.74,yes,no,1,8,1,9,Kirsten White,Female
yes,0,39,3.0,0.02,55.76,yes,yes,1,132,1,22,Eric Simon,Male
yes,0,41,2.7,0.04,97.51,yes,no,2,28,1,11,William Allen,Not Declared
yes,0,38,5.4,0.01,58.05,yes,yes,0,108,1,17,Carl Watson,Male
yes,0,37,8.12,0.03,213.13,yes,yes,3,120,1,5,Christopher Weber,Male
yes,0,27,3.04,0.04,96.0,no,no,0,13,1,0,Jack Morrison,Male
yes,1,29,2.08,0.04,61.2,yes,no,2,12,1,11,Edward Hill,Male
yes,0,28,1.51,0.0,0.0,no,no,0,44,1,15,Matthew Maddox,Male
no,1,31,3.0,0.0,0.0,yes,no,2,51,1,2,Charles Wise,Male
yes,0,30,2.6,0.3,640.65,yes,no,0,25,1,4,Jessica Taylor,Female
yes,0,37,2.5,0.03,61.74,yes,no,2,120,0,4,Wendy Howard,Not Declared
yes,0,44,3.5,0.01,34.53,yes,no,1,33,1,13,Susan Fields,Female
yes,0,25,2.4,0.11,213.29,no,no,0,5,1,10,Sean Cole,Male
yes,0,26,2.32,0.01,14.0,no,no,0,2,1,0,Amy Anderson,Female
yes,0,46,2.58,0.08,164.64,yes,no,2,120,0,15,Jimmy Powell,Male
yes,0,28,2.1,0.09,158.61,yes,no,1,24,0,11,Douglas Schneider,Male
yes,0,38,2.35,0.07,133.97,no,no,1,72,1,8,David Hill,Male
yes,0,46,2.8,0.0,0.0,yes,no,1,84,1,2,Richard Aguilar,Male
no,2,52,3.7,0.0,0.0,no,no,4,1,1,6,Lindsay Russell,Female
no,0,37,1.68,0.0,0.0,yes,no,3,120,0,8,Christina Bullock,Female
no,0,25,2.64,0.0,0.0,no,no,0,24,1,33,Bradley Miller,Male
yes,1,28,2.3,0.03,66.3,yes,no,1,24,1,14,Stacy Clark,Female
yes,2,35,6.89,0.01,58.51,yes,no,0,5,1,18,Robert Bishop,Male
no,4,25,4.0,0.0,0.0,no,no,0,36,1,32,Donna Lopez,Female
yes,0,28,2.0,0.06,100.42,yes,no,1,38,0,8,Mr. Carl Gutierrez,Male
no,0,19,1.97,0.0,0.0,no,no,1,24,1,2,Bryan Schneider,Male
yes,0,25,3.0,0.01,25.51,no,no,2,3,1,11,Russell Knight,Male
yes,0,26,2.75,0.18,420.58,yes,no,1,6,1,11,Justin Neal,Male
yes,0,31,5.0,0.07,309.91,yes,no,2,12,1,12,Tom Ramirez,Male
yes,0,33,2.1,0.04,78.26,no,no,4,12,1,0,Lynn Daniel,Female
yes,0,27,4.0,0.04,123.22,yes,no,2,2,1,0,Ronnie Mason,Male
yes,1,48,3.0,0.03,79.18,yes,yes,0,180,1,12,Jose Thompson,Male
yes,0,36,3.3,0.16,431.14,no,no,0,3,1,0,David Owens,Male
no,3,45,2.35,0.0,0.0,no,no,0,36,1,15,Miranda Nelson,Female
no,2,53,2.16,0.0,0.0,no,yes,0,74,0,5,Jason Collins,Male
yes,0,27,3.9,0.04,134.39,yes,no,3,12,1,6,Thomas Clark,Male
yes,0,40,2.31,0.03,54.97,no,no,1,158,1,9,Charles Hughes,Male
yes,0,49,1.7,0.0,0.0,no,no,1,14,0,6,Paul Jensen,Male
yes,0,40,2.0,0.07,120.56,no,no,0,24,1,4,Andrew Gomez,Male
yes,0,23,4.8,0.08,320.49,no,yes,0,42,1,2,Jeffrey Gregory,Male
yes,0,34,3.0,0.54,1352.49,yes,no,0,72,1,3,John King,Male
yes,0,21,1.56,0.07,87.15,no,no,0,24,0,5,Kathleen Zuniga,Female
yes,0,39,2.0,0.05,81.26,yes,no,2,200,1,9,Ronald Brock,Male
yes,0,24,2.6,0.3,643.32,no,no,1,10,1,11,Joseph Harris,Male
yes,0,47,4.68,0.03,134.92,yes,no,1,210,1,6,Aaron Mora,Male
yes,0,34,4.0,0.26,860.76,no,yes,0,204,0,6,Jackson Cunningham,Male
yes,0,52,1.87,0.06,85.98,yes,no,0,250,1,4,Mark Diaz,Male
yes,3,47,3.1,0.18,463.15,no,no,0,24,1,15,Michael Meyer,Male
yes,0,25,2.8,0.06,134.2,no,no,0,6,0,3,Vanessa Weaver,Female
yes,0,24,2.04,0.11,192.72,no,no,0,109,1,5,Frederick Williams,Male
yes,0,24,2.1,0.32,562.36,no,no,0,28,1,5,Emily Walker,Female
yes,0,22,2.0,0.16,274.95,no,no,0,13,1,7,Tanner Murphy,Male
yes,0,33,5.6,0.09,398.05,yes,no,4,84,1,4,Raymond Yates,Male
yes,0,38,3.0,0.05,124.48,yes,no,1,84,1,11,Derrick Wong,Male
yes,0,22,2.4,0.08,163.42,no,no,0,23,1,0,Stephen Stewart,Male
yes,0,23,1.85,0.06,93.31,no,no,0,4,1,1,Renee Hudson,Female
yes,0,24,2.9,0.05,113.25,yes,no,0,60,1,3,James Randolph,Male
no,0,26,2.0,0.0,0.0,no,yes,1,63,1,2,Leslie Davis,Not Declared
yes,0,52,1.89,0.02,37.43,no,no,0,240,1,6,Ricky Davis,Male
yes,0,20,2.0,0.2,341.24,no,no,0,24,1,7,Anthony Barton,Male
yes,0,25,1.64,0.37,508.29,no,no,0,19,1,9,Katie Cortez,Female
no,4,22,2.34,0.0,0.0,no,no,0,61,1,6,Joshua Fry,Not Declared
yes,0,24,1.9,0.27,432.36,no,no,0,19,1,6,Mark Ballard,Male
yes,0,21,1.53,0.04,46.29,yes,no,0,22,1,11,Randall Harper,Male
yes,0,22,3.99,0.08,253.63,no,no,0,268,1,2,Joshua Johns,Male
yes,0,46,1.6,0.05,61.74,no,no,0,162,1,11,Kevin Mack,Male
yes,0,19,1.8,0.08,125.89,no,no,0,3,1,0,Troy Larsen,Male
yes,1,29,3.7,0.6,1836.98,no,no,0,24,1,7,Jennifer Reynolds,Female
yes,0,28,2.1,0.01,15.58,no,no,0,28,1,5,Raymond Williams,Male
yes,0,26,2.0,0.03,51.75,no,no,1,6,1,1,Christopher Wilkins,Male
no,1,44,2.6,0.0,0.0,yes,no,0,48,1,1,James Larson,Male
yes,0,27,2.68,0.03,77.29,yes,no,0,135,1,0,Ashley Cox,Female
no,1,30,4.16,0.0,0.0,yes,yes,2,37,1,15,Kenneth Gomez,Male
yes,0,24,2.1,0.14,240.48,no,no,1,24,1,5,Kendra Duncan,Female
yes,0,28,2.4,0.03,67.4,no,no,1,24,1,4,Alex Miller,Male
yes,0,39,3.12,0.03,69.27,yes,yes,2,66,1,5,Eric Anderson,Male
yes,0,31,3.0,0.07,172.57,yes,no,1,24,1,13,Jordan Flynn,Male
yes,0,40,3.12,0.08,199.0,yes,no,1,60,1,11,Kevin Middleton,Male
no,3,23,1.62,0.0,0.0,no,no,1,144,0,4,Christopher Ritter,Male
yes,0,43,4.37,0.04,160.48,yes,no,2,110,1,10,Hannah Lopez,Female
no,0,25,2.53,0.0,0.0,no,no,0,14,1,3,Christian Williams,Male
no,2,40,3.1,0.0,0.0,yes,no,1,66,1,5,Eddie White,Not Declared
no,7,32,2.72,0.0,0.0,no,no,1,60,0,10,Jesus Estrada,Male
yes,0,42,4.04,0.01,44.41,no,no,0,5,1,6,Jeffrey Ochoa,Male
yes,0,47,2.75,0.21,492.26,no,no,0,156,0,11,Isaiah Norman,Male
yes,0,27,3.0,0.16,401.93,no,no,1,24,1,2,Robin Ray,Female
yes,0,30,3.15,0.07,179.18,yes,no,1,19,1,9,Sierra James,Female
no,0,38,5.97,0.0,0.0,yes,no,1,3,1,19,William Thompson,Male
yes,0,31,2.6,0.08,182.17,no,no,0,5,1,0,Michael Webb,Male
no,0,47,8.4,0.0,0.0,yes,no,3,6,1,0,Sabrina Walker,Female
yes,0,21,1.95,0.04,61.95,no,no,0,40,0,4,Mark Perkins,Male
yes,0,36,3.0,0.03,80.83,yes,no,3,134,0,4,Lauren Nelson,Female
yes,0,23,2.8,0.0,8.33,yes,no,0,12,1,3,Kevin Hunter,Male
yes,1,25,4.55,0.04,169.06,yes,no,1,42,1,10,Sarah Griffin,Female
yes,0,21,1.99,0.03,57.98,no,no,2,8,1,5,Philip Jones,Male
yes,0,48,4.5,0.05,203.13,no,no,2,17,1,0,Sydney Swanson,Female
no,0,35,4.0,0.0,0.0,no,no,2,70,1,1,Colleen Mooney,Female
yes,0,39,3.5,0.06,181.02,yes,no,1,42,1,0,Jesus Green,Male
no,1,27,2.15,0.0,0.0,no,no,0,97,1,1,Tyler Flores,Male
no,0,23,1.62,0.0,0.0,no,no,0,32,1,7,Jason Miller,Male
yes,0,31,3.5,0.17,483.06,no,no,1,14,0,0,Andrea Miller,Female
yes,0,26,2.9,0.01,15.94,yes,yes,1,26,1,3,Audrey Ramos,Female
yes,0,39,3.41,0.06,180.66,no,yes,1,120,1,7,Jim Perkins,Male
yes,0,24,4.0,0.0,4.58,no,yes,2,48,1,4,Jason Hall,Male
yes,0,27,2.6,0.88,1902.0,no,no,0,4,1,7,Becky Dunn,Female
yes,0,24,2.07,0.21,356.78,no,no,0,4,1,17,Debra Wolf,Female
yes,0,44,2.4,0.0,0.0,no,no,0,36,1,11,George Marsh,Male
yes,0,25,3.42,0.01,24.58,no,no,0,3,1,0,Kimberly Lee,Female
yes,0,21,6.7,0.05,302.25,no,no,0,8,1,6,Sean Price,Male
yes,0,40,5.43,0.01,33.22,no,no,0,14,1,11,Michael Walker,Not Declared
yes,0,24,1.62,0.01,13.69,no,no,0,12,0,4,Amanda Friedman,Not Declared
yes,0,31,2.42,0.06,116.35,no,no,0,24,1,7,Anne Figueroa,Female
yes,0,24,3.4,0.05,144.4,no,no,0,12,1,8,Natasha Harris,Female
yes,0,47,3.6,0.04,113.75,yes,yes,2,120,1,12,Emma Johnson,Female
yes,0,27,2.5,0.09,184.94,no,no,0,12,1,8,Raymond Holloway,Male
yes,0,49,1.75,0.01,15.33,yes,no,1,38,1,3,Wayne Duncan,Male
yes,0,32,2.5,0.05,113.18,no,no,0,8,1,5,Bobby Santos,Male
yes,0,35,4.5,0.01,37.58,yes,no,3,144,1,3,Joseph Cox,Male
no,1,26,2.47,0.0,0.0,yes,no,0,14,1,20,Ronnie Cortez,Male
yes,0,20,2.7,0.07,156.9,no,no,1,38,1,10,Robert Alexander,Male
no,0,34,2.4,0.0,0.0,no,no,0,27,1,2,James Williams,Male
yes,0,49,6.9,0.06,349.2,yes,no,3,160,0,0,Hannah Marshall,Female
yes,0,40,4.8,0.15,615.12,yes,no,3,122,1,17,Ashley Marsh,Female
yes,0,20,1.92,0.13,208.08,no,no,0,84,1,6,Brittany Bennett,Female
yes,0,40,2.8,0.04,88.74,no,no,3,19,0,0,Madison Murphy,Female
yes,0,25,1.69,0.02,34.52,no,no,0,3,0,16,John Foley,Male
yes,0,29,3.5,0.13,366.74,no,no,0,19,1,0,Danielle Moran,Female
yes,1,40,2.25,0.02,44.0,no,no,0,86,1,10,Kevin Johnson,Not Declared
no,2,30,2.32,0.0,0.0,no,no,1,17,1,8,Mark Williams,Male
yes,0,30,4.0,0.09,299.89,yes,no,1,37,0,6,Brian Holder,Male
yes,0,40,4.5,0.1,359.12,no,no,5,2,1,0,David Bell,Male
yes,0,23,3.18,0.09,246.57,no,no,0,17,1,3,Jason Martinez,Male
yes,0,23,3.0,0.03,63.99,no,no,0,3,1,0,Jaime Nichols,Female
yes,0,31,3.0,0.02,51.64,yes,no,2,44,0,12,Thomas Smith,Male
no,0,24,2.0,0.0,0.0,no,no,0,7,0,6,Fred Anderson,Male
yes,0,36,3.5,0.22,633.41,yes,no,0,95,1,17,Michael Gutierrez,Male
yes,0,0,4.0,0.07,242.13,yes,no,3,24,1,4,Jessica Thomas,Female
no,0,28,2.58,0.0,0.0,yes,no,0,41,1,11,Christine Holt,Female
yes,0,45,12.0,0.02,200.49,yes,yes,1,24,1,6,Zachary Novak,Male
yes,1,0,3.7,0.01,32.46,no,no,0,186,0,5,Jared Cabrera,Male
no,0,23,1.43,0.0,0.0,yes,no,0,12,1,6,Steven Knight,Not Declared
yes,0,38,3.68,0.02,59.62,yes,no,3,44,1,11,Amy Cohen,Not Declared
no,0,23,2.55,0.0,0.0,yes,no,2,24,1,0,Jacob Richards,Male
no,4,37,3.5,0.0,0.0,yes,no,2,15,1,9,Amanda Robinson,Female
yes,0,28,2.3,0.16,315.2,yes,no,1,13,0,4,Mrs. Angela Wilkins,Female
yes,0,26,3.19,0.1,258.29,no,no,0,10,1,11,Stephanie Brown,Female
yes,0,26,2.35,0.0,0.0,no,no,0,36,1,11,Anthony Gardner,Male
no,4,25,1.97,0.0,0.0,no,no,0,7,1,6,Allen Hill,Male
yes,0,41,3.6,0.15,457.49,yes,no,3,68,1,10,Lee King,Male
no,1,38,3.2,0.0,0.0,no,no,2,14,1,6,Matthew Gutierrez,Male
yes,0,34,2.0,0.0,4.58,yes,no,2,38,1,6,Joseph Lutz,Male
yes,0,31,2.85,0.31,745.04,yes,no,2,30,1,11,Nathan Palmer,Male
yes,0,24,3.1,0.07,180.18,yes,no,1,12,1,23,Brian Reed,Male
yes,0,25,1.5,0.09,111.84,yes,no,1,14,1,19,Mrs. Nancy Butler DVM,Female
yes,0,57,4.8,0.15,613.64,yes,no,0,138,1,4,Cody Clark,Male
yes,0,23,2.6,0.15,333.61,no,no,0,6,1,0,Bradley Sanchez,Male
yes,0,23,2.85,0.09,207.71,yes,no,1,50,0,8,Jonathan Jones,Male
yes,0,28,3.35,0.07,199.37,yes,no,0,18,1,2,Jimmy Mills,Male
yes,0,32,1.81,0.05,81.44,yes,no,0,9,1,22,Stacy Gibson,Female
yes,0,34,3.6,0.04,116.32,yes,yes,4,48,1,8,Michael Mccall,Male
no,0,31,1.52,0.0,0.0,no,no,2,20,1,0,Donald Olson,Male
yes,0,24,2.4,0.27,530.18,no,no,1,24,1,13,Nicholas Monroe,Male
no,0,38,3.0,0.0,0.0,no,no,0,36,0,2,Jordan Banks,Male
no,7,36,3.5,0.0,0.0,yes,no,2,60,1,7,Dylan Wall,Male
yes,0,29,3.0,0.05,116.45,yes,no,1,12,1,8,Kimberly Day,Female
yes,0,34,2.34,0.18,357.59,yes,no,0,108,0,11,Thomas Castillo,Male
yes,0,25,2.1,0.12,214.86,no,no,0,26,1,17,Scott Bell,Male
yes,0,22,1.6,0.15,200.59,yes,no,0,27,1,3,Shelby Johnson,Female
yes,0,26,2.22,0.03,56.46,no,no,0,10,1,2,Donald Gamble,Male
yes,0,32,3.65,0.01,17.67,yes,no,2,20,1,17,Michael Rosario,Male
no,6,39,3.2,0.0,0.0,no,no,0,88,1,7,Cory Brown,Male
no,0,30,2.6,0.0,0.0,no,no,0,5,0,0,Juan Scott,Male
yes,1,60,6.1,0.09,479.44,yes,no,1,244,1,14,Shaun Silva,Not Declared
no,2,36,3.0,0.0,0.0,no,no,0,74,1,16,Beth Knight,Female
yes,0,36,4.5,0.08,308.92,yes,no,0,60,1,16,Ashley Cooper,Female
yes,0,28,2.18,0.08,144.64,yes,no,0,5,1,14,James Fernandez,Male
no,0,66,3.25,0.0,0.0,yes,no,3,300,1,13,Robert Sims,Male
yes,0,35,2.2,0.13,244.65,yes,no,1,13,1,9,Carrie Banks,Female
yes,0,74,2.81,0.02,38.83,yes,no,0,511,1,10,Russell Clark,Male
yes,0,28,2.43,0.23,462.66,yes,no,2,29,1,17,Steven Santos,Male
yes,0,55,6.7,0.04,214.93,yes,no,1,300,1,13,Emily Andrews,Female
no,1,38,4.0,0.0,0.0,yes,yes,3,40,1,7,Matthew Bell,Male
no,0,37,5.16,0.0,0.0,yes,yes,0,86,1,1,Steven Smith,Male
yes,0,39,5.1,0.06,244.42,yes,no,3,132,1,15,Michael Jones,Male
yes,0,44,4.2,0.04,135.18,yes,no,2,150,0,2,Bradley Strickland,Male
yes,0,30,5.6,0.04,185.74,yes,no,0,1,0,8,Joseph Matthews,Male
yes,0,23,1.86,0.27,413.6,no,no,0,3,1,4,Rachel Brown,Female
no,0,27,1.64,0.0,0.0,no,no,0,104,1,0,Jeremy Payne,Male
yes,0,51,6.8,0.0,14.67,no,no,0,38,0,5,Emily Hernandez,Female
yes,0,22,1.85,0.01,16.91,no,no,0,48,1,4,Morgan Chaney,Female
no,0,22,1.8,0.0,0.0,no,no,2,4,1,0,Sabrina Smith,Not Declared
no,1,36,3.0,0.0,0.0,yes,no,1,12,1,16,Mary Hopkins,Female
yes,0,36,2.2,0.01,20.33,yes,no,0,77,1,0,Kimberly Rivera,Female
no,1,22,1.8,0.0,0.0,no,no,0,6,1,2,Jacqueline Wade,Female
yes,0,32,2.6,0.0,5.58,no,no,0,84,1,21,Mr. Alan Haynes,Male
no,0,27,2.0,0.0,0.0,no,no,0,24,1,4,David Maxwell,Not Declared
yes,0,38,5.0,0.06,238.36,yes,no,3,9,1,0,David Lewis,Male
yes,0,28,4.22,0.09,300.99,yes,no,1,22,1,3,Jose Sutton,Male
yes,0,38,4.02,0.16,552.34,no,no,3,102,0,3,Brian Boyd,Male
yes,0,26,3.0,0.05,113.59,no,no,0,28,1,8,Robert Gallagher,Male
yes,0,22,3.15,0.04,99.92,no,no,0,14,0,3,Jeffrey Campbell,Male
yes,0,23,2.8,0.06,147.33,no,no,0,64,1,8,Christopher Evans,Male
yes,0,29,2.86,0.2,480.32,no,no,0,47,1,1,Carl Hill,Male
yes,0,23,2.04,0.18,304.9,no,no,0,12,1,9,James Vazquez,Male
yes,0,33,3.5,0.02,63.46,yes,no,0,12,1,8,Andrea Bailey,Female
yes,0,64,7.12,0.03,149.7,yes,no,1,241,1,8,Jamie Jackson,Female
no,0,23,2.5,0.0,0.0,no,no,0,36,0,0,Jerome Jones,Male
yes,0,23,3.3,0.06,166.06,no,no,0,2,1,5,Kathleen Krause,Female
yes,0,36,2.2,0.08,148.19,no,no,1,8,1,4,Joshua Daniels,Male
yes,1,38,3.2,0.05,121.22,yes,no,1,84,0,12,Alexis Thomas,Female
yes,0,22,4.0,0.05,160.03,yes,no,0,27,1,4,Joseph Gonzalez,Male
yes,0,38,5.57,0.04,201.48,no,no,3,30,1,7,David Jacobs MD,Male
yes,0,36,7.0,0.01,59.12,yes,no,3,18,1,5,Diane Bailey,Female
no,1,26,2.3,0.0,0.0,no,no,0,66,1,3,Sara Hampton,Female
yes,0,21,5.5,0.08,356.88,no,no,0,50,1,0,Larry Rodriguez,Male
yes,1,41,2.5,0.08,159.2,no,yes,2,131,0,3,Robert Marks,Male
no,1,40,2.5,0.0,0.0,yes,no,1,96,1,8,Leslie Olson,Female
yes,0,25,8.0,0.02,112.88,yes,no,2,18,1,0,Brent Thomas,Male
yes,0,23,1.83,0.07,108.98,no,no,1,12,0,10,Shaun Johnson,Male
yes,0,27,2.9,0.04,91.69,no,no,0,9,0,3,Philip Davis,Male
no,3,38,4.7,0.0,0.0,yes,no,3,36,1,8,Joseph Johnston,Male
no,2,23,1.72,0.0,0.0,no,no,0,204,0,5,Michael Brennan,Male
no,0,37,1.55,0.0,0.0,no,no,1,36,1,0,Deborah Morales,Female
yes,0,41,3.82,0.15,462.02,no,no,2,36,1,2,John Austin,Male
yes,0,52,2.4,0.07,138.57,no,yes,1,96,1,2,Nicole Roberts,Female
yes,0,31,2.4,0.19,373.42,no,no,1,54,0,1,Kenneth Wood,Male
yes,0,36,3.0,0.12,304.62,no,no,1,180,1,5,Shannon Harrison,Female
yes,0,21,1.6,0.29,385.78,no,no,0,192,1,3,William Gaines,Male
yes,0,42,2.68,0.14,319.43,no,no,1,84,1,0,Ralph Leon,Male
yes,0,32,6.3,0.09,465.94,no,yes,4,60,1,7,Carl Valdez,Male
yes,0,24,1.6,0.05,59.79,no,no,0,43,1,2,Michael Green,Male
yes,0,32,2.6,0.08,170.46,no,no,1,76,0,3,Matthew Wood,Male
yes,0,28,2.1,0.14,242.2,no,no,2,24,1,7,Dustin Howell,Male
no,1,28,1.93,0.0,0.0,no,no,2,74,1,4,David Smith,Male
yes,0,23,2.5,0.23,478.71,yes,no,0,12,1,4,Mr. William Castro,Male
no,1,44,1.8,0.0,0.0,no,yes,0,60,1,2,Natasha Roy,Female
yes,0,31,3.56,0.03,98.34,no,no,0,72,1,9,Todd Woods,Male
yes,0,24,3.4,0.11,301.02,no,no,0,17,1,7,Scott Burke II,Male
yes,0,28,2.55,0.24,509.05,no,no,1,90,1,3,Nathan Tyler,Male
yes,0,47,4.92,0.04,183.9,yes,yes,1,288,1,14,Johnny Jones,Male
yes,0,26,3.9,0.01,46.52,no,no,0,30,1,13,Tammy Jensen,Female
yes,0,37,5.2,0.06,256.19,no,no,0,12,0,0,Daniel Anderson,Male
yes,0,54,9.0,0.06,470.97,yes,no,3,147,1,6,Mr. Ian Villarreal,Male
yes,0,35,6.0,0.46,2291.17,no,no,2,10,1,0,Robert Carlson,Male
yes,0,35,7.5,0.02,128.43,yes,no,4,19,1,12,Jacob Avila,Male
yes,0,44,9.0,0.26,1949.86,no,no,2,4,1,7,Devin Hanna MD,Male
yes,0,20,2.1,0.15,269.15,no,no,1,27,0,6,Dale Fowler,Male
yes,0,23,3.0,0.02,41.48,no,no,3,18,1,3,Johnny Lawrence,Male
yes,0,27,2.6,0.04,79.36,no,no,0,168,1,5,William Herrera,Male
yes,0,54,5.48,0.13,612.86,yes,no,1,146,1,4,Anna Evans,Female
yes,0,40,8.2,0.03,192.45,yes,no,3,172,1,15,Jose Santana,Not Declared
yes,1,32,2.5,0.16,327.74,no,no,0,147,1,3,Patrick Lee,Male
yes,0,28,3.0,0.07,177.62,yes,no,0,20,1,0,Andrew Harris,Male
yes,0,35,6.5,0.07,365.91,yes,no,0,6,1,0,Patricia Fritz,Female
yes,1,56,7.57,0.01,41.33,yes,yes,2,39,1,18,Christopher Parker,Male
yes,1,28,2.0,0.05,86.15,no,no,1,61,1,2,Courtney Clark,Female
no,3,31,3.25,0.0,0.0,no,no,1,72,1,7,Tanner Wilson,Male
no,2,24,3.0,0.0,0.0,no,no,0,24,1,4,Miguel Hardin,Male
yes,0,40,7.0,0.06,376.76,no,no,3,6,1,2,Brandon Torres,Male
no,7,33,7.5,0.0,0.0,no,no,0,24,1,8,Gabriel Flowers,Male
yes,0,38,3.8,0.06,189.18,yes,no,0,23,1,6,Nancy Cooley,Female
yes,0,25,3.7,0.08,260.12,yes,no,0,236,1,6,John Norman,Not Declared
yes,0,33,3.4,0.14,406.98,yes,no,1,36,1,7,Derek Morris,Male
no,1,27,2.85,0.0,0.0,no,no,0,60,0,7,James Keller,Male
yes,0,28,2.6,0.05,118.72,no,no,0,33,1,4,Brent Gibson,Male
yes,0,22,1.57,0.07,91.73,no,no,0,18,1,1,Kimberly Gallagher,Female
yes,0,24,1.8,0.13,200.24,yes,no,0,151,1,5,Joel Ray,Male
yes,0,39,3.1,0.17,438.37,yes,no,2,18,1,3,Alan Peterson,Male
no,0,25,1.5,0.0,0.0,no,yes,4,48,0,1,Ann Simmons,Female
yes,1,19,2.19,0.34,621.66,no,no,0,59,1,2,Juan Khan,Male
yes,0,31,5.5,0.07,324.7,yes,no,3,6,1,7,Michael Cannon,Male
yes,0,31,4.4,0.04,148.06,yes,no,2,72,1,8,Mary Berger,Female
yes,0,33,3.0,0.38,940.39,yes,no,2,97,1,4,Joshua Wilkins,Male
yes,1,26,2.95,0.13,325.85,no,no,0,24,1,5,Nicholas Hall,Male
yes,0,26,1.6,0.02,30.55,yes,no,0,24,1,5,Raymond Jefferson,Male
yes,0,22,2.0,0.12,192.82,no,no,0,8,1,8,Brittney Wilson,Female
yes,0,25,2.85,0.14,324.03,no,yes,1,42,1,3,Eric Smith,Male
yes,0,26,2.2,0.05,91.99,no,no,0,42,1,8,Ryan Hamilton,Male
yes,0,29,3.65,0.09,267.35,no,no,0,24,1,17,Steven Williams,Male
no,9,35,1.7,0.0,0.0,no,no,0,90,1,10,Donald Kennedy,Male
yes,0,57,1.65,0.01,12.25,no,no,0,24,1,3,Tracy Barber,Female
yes,0,52,2.66,0.04,98.58,yes,no,3,228,1,0,Adam Hurst,Not Declared
yes,0,41,2.75,0.02,43.21,yes,no,1,136,0,9,Michael Owens,Male
yes,0,39,1.56,0.05,60.07,no,no,0,25,1,3,Cynthia Mendoza,Female
no,1,56,8.0,0.0,0.0,yes,no,0,408,1,7,Ricky Richardson,Male
yes,0,28,2.03,0.11,187.14,yes,no,1,91,1,1,Robert Burton,Male
yes,0,38,4.0,0.01,29.98,yes,no,0,16,1,8,Frederick Hernandez,Male
yes,0,55,6.7,0.08,445.81,yes,no,0,35,1,0,Willie Conley,Male
yes,0,29,2.5,0.18,374.05,yes,no,0,70,1,9,Sarah Newton,Female
yes,0,19,3.0,0.0,0.0,no,no,0,49,1,3,Lori Mcguire,Female
yes,0,25,3.2,0.05,121.06,no,no,0,4,1,6,William Santiago,Male
yes,0,27,3.18,0.09,240.82,no,no,2,12,0,0,Jacqueline Martinez,Female
yes,0,27,3.2,0.03,82.34,yes,no,0,23,1,9,Stanley Pratt,Male
yes,1,26,1.73,0.09,131.52,no,no,0,8,1,10,Thomas Smith,Male
yes,0,25,2.4,0.11,215.74,no,no,0,150,1,18,Claire Mclaughlin,Female
no,1,32,2.25,0.0,0.0,no,no,1,42,0,13,Richard Reynolds,Male
yes,0,43,3.95,0.16,517.21,yes,no,6,3,0,0,Heather Thomas,Female
yes,0,34,3.0,0.01,36.2,no,no,1,30,0,2,Anna Anderson,Female
yes,0,27,2.65,0.07,159.66,no,no,0,8,1,0,Nicole Burke,Not Declared
no,5,28,2.24,0.0,0.0,no,no,0,72,1,11,Mark Dawson,Male
yes,0,39,4.7,0.06,247.3,yes,no,4,12,1,10,William Foster II,Male
yes,0,40,3.48,0.01,21.72,no,no,0,28,1,22,William Flynn,Male
yes,0,23,2.55,0.01,16.25,no,no,1,6,1,0,Carla Gallagher,Female
yes,1,43,2.77,0.04,100.34,yes,no,0,44,1,14,Christine Hughes,Female
yes,0,47,3.11,0.03,64.76,no,no,0,7,1,16,Leroy Jimenez,Male
yes,0,18,1.97,0.06,103.92,no,no,0,64,0,1,Russell Schneider,Male
yes,1,21,1.8,0.19,288.8,no,no,0,192,1,8,David Suarez,Male
no,1,54,9.4,0.0,0.0,yes,no,1,94,0,2,Robert Parker,Male
yes,0,35,5.5,0.01,58.61,no,no,0,36,1,2,Mathew Barron,Male
no,0,24,1.5,0.0,0.0,no,no,0,18,1,0,Jeremy Gutierrez,Not Declared
yes,0,24,2.7,0.17,387.17,no,no,1,18,1,4,Dennis Gonzalez,Male
yes,0,23,2.35,0.07,136.04,no,no,0,25,1,9,Ryan Wood,Male
yes,0,39,4.6,0.03,105.32,no,no,2,4,1,1,Pamela Turner,Female
yes,0,31,11.0,0.01,97.42,no,no,0,12,1,0,Melanie Edwards,Not Declared
yes,0,62,2.65,0.1,229.49,no,no,0,100,1,1,Robert Gallegos,Not Declared
yes,1,36,7.35,0.07,436.28,no,no,0,51,0,14,Elizabeth Wallace,Female
yes,0,23,3.2,0.02,45.12,no,no,0,14,1,0,Michael Mccoy,Male
yes,0,28,6.2,0.07,355.97,yes,no,0,18,1,9,Amy Garcia,Female
yes,1,38,3.27,0.24,650.44,no,no,2,7,1,3,Joshua Gardner,Male
yes,2,49,3.7,0.14,442.45,no,no,4,216,1,11,Anthony Reynolds,Male
yes,0,50,1.75,0.21,310.84,no,no,0,36,1,1,Mark Jensen,Male
no,0,23,2.42,0.0,0.0,no,yes,2,132,1,1,Jermaine Barrett,Male
no,1,29,2.7,0.0,0.0,no,no,1,347,0,1,Vincent Grant,Male
yes,0,45,3.7,0.14,426.83,no,no,0,24,1,2,Matthew Smith,Male
yes,0,31,3.2,0.01,36.25,no,no,1,12,1,1,Anthony Mccormick,Male
yes,0,31,3.1,0.13,337.06,no,no,1,52,1,3,Victoria Hernandez,Female
no,0,37,9.0,0.0,0.0,no,no,0,132,1,0,Fernando Simon,Male
yes,3,27,5.5,0.22,1010.5,no,yes,0,72,1,11,Robert Roberts,Male
no,0,36,4.1,0.0,0.0,yes,no,2,30,1,0,Jermaine Herring,Male
yes,0,38,3.0,0.23,568.24,yes,no,0,46,1,2,Nancy Ryan,Female
yes,0,25,2.8,0.2,461.92,no,no,0,66,1,3,Jenny Bender,Female
yes,0,41,5.1,0.03,140.01,no,no,1,63,1,4,Jennifer Cooper,Female
yes,0,34,7.0,0.04,206.38,no,yes,6,63,1,3,Roger Summers,Male
yes,0,24,2.3,0.37,719.51,no,no,0,76,1,2,James Mcpherson,Male
yes,0,32,2.3,0.2,383.31,no,no,1,63,1,6,Lee Andrews,Male
no,1,24,1.9,0.0,0.0,no,no,1,14,0,4,Eduardo Willis,Male
yes,0,23,2.3,0.14,265.65,no,no,0,6,1,3,Jeffrey Charles,Not Declared
no,1,22,1.5,0.0,0.0,no,no,3,14,1,4,George Young,Male
yes,0,26,2.38,0.14,282.73,no,yes,1,114,1,1,Alexander Williams,Male
yes,0,30,2.8,0.16,383.57,no,no,0,12,1,6,Kathleen Rangel,Female
yes,0,27,2.52,0.24,494.89,no,no,1,100,1,3,Jacob Williams,Male
yes,0,27,2.2,0.01,12.65,no,no,0,60,0,2,Calvin Tucker,Male
yes,0,32,3.2,0.12,317.46,no,no,0,30,1,1,Michael Morrison,Male
yes,0,32,3.7,0.0,9.74,no,no,0,86,1,8,Fred Moore,Male
yes,0,46,1.8,0.03,49.42,no,no,1,168,1,2,James Baker,Male
no,2,47,2.35,0.0,0.0,no,no,0,159,1,4,John Barber,Male
yes,0,22,1.82,0.54,821.82,no,no,0,93,1,2,Andrea Huber,Female
yes,0,42,5.5,0.07,323.95,no,no,0,98,1,4,Oscar Watts,Male
no,12,30,2.6,0.0,0.0,no,no,0,228,1,14,Isaiah Coffey,Male
yes,0,21,2.15,0.27,476.32,no,no,0,30,1,0,Katie Drake,Female
yes,0,36,3.8,0.04,112.99,yes,no,3,77,1,4,Paul Alvarado,Male
yes,0,37,2.0,0.03,44.46,no,no,1,38,0,3,Jennifer Smith,Female
yes,2,26,2.45,0.12,248.51,no,no,0,5,1,15,Tyler Calhoun,Male
yes,1,46,3.5,0.11,319.79,yes,no,1,121,0,5,Todd Tyler,Male
yes,0,25,2.8,0.33,758.94,no,no,0,2,1,7,Keith Vincent,Male
yes,1,30,1.99,0.25,412.99,no,no,0,82,1,8,Amy Osborn,Female
no,0,27,2.0,0.0,0.0,no,no,0,48,1,0,Autumn Howard,Female
yes,0,21,2.1,0.08,131.99,yes,no,0,194,1,5,Allen Livingston,Male
yes,0,20,2.79,0.02,52.49,no,no,0,86,1,5,Suzanne Young,Female
yes,0,23,2.32,0.12,225.27,no,no,0,3,1,8,Shawn Rodriguez,Male
yes,0,45,4.6,0.08,298.02,no,no,2,72,1,5,James Craig DDS,Male
no,1,26,2.0,0.0,0.0,yes,no,2,60,1,7,Leonard Graham,Male
yes,0,29,3.0,0.07,173.47,no,no,1,60,1,1,Olivia Gonzalez,Female
yes,0,52,3.33,0.03,79.68,yes,no,1,243,1,3,Christopher Warren,Male
yes,0,41,2.48,0.07,138.55,no,no,2,222,0,10,William Myers,Male
yes,0,22,4.3,0.16,565.33,no,no,0,12,1,11,Roger Martin,Male
no,0,33,1.77,0.0,0.0,no,no,0,102,1,1,David Richardson,Male
yes,1,29,2.45,0.11,220.89,no,no,2,84,1,13,Ashley Foster,Female
yes,0,20,1.85,0.34,527.94,yes,no,0,96,1,2,Paul Moore,Male
yes,0,26,2.23,0.06,104.78,no,no,0,12,1,1,Samuel Cook,Male
no,0,22,2.5,0.0,0.0,no,no,3,30,0,0,Eric Howell,Male
yes,3,32,3.51,0.16,466.35,no,no,0,22,1,9,Mary Shaw,Female
yes,0,27,3.29,0.03,88.82,no,no,1,54,1,12,Shawn Snyder,Male
yes,0,28,4.23,0.12,437.13,no,yes,0,30,1,5,Yvette Krause,Female
no,1,36,1.85,0.0,0.0,no,no,2,192,1,2,Jeremy Pratt,Male
yes,0,26,2.2,0.06,114.25,no,no,1,28,1,10,Matthew Mcpherson,Male
no,0,41,3.5,0.0,0.0,no,no,0,54,1,0,Phillip Bryant,Male
yes,0,23,3.0,0.12,293.04,no,no,0,14,1,0,Joel Johnson,Male
yes,0,25,1.8,0.46,683.99,yes,no,0,98,1,2,Robert Rich Jr.,Male
yes,0,25,1.7,0.08,113.1,no,no,1,27,1,8,Mario Diaz,Male
yes,0,29,5.5,0.06,288.36,no,no,2,18,1,3,Christopher Lambert,Male
yes,0,40,2.57,0.05,111.68,no,no,0,54,1,3,Sarah Adams,Not Declared
no,2,59,3.5,0.0,0.0,no,no,0,365,0,5,Meghan Jackson,Female
yes,0,37,2.5,0.07,151.34,no,no,0,15,1,2,Brian Perez,Male
yes,0,30,3.3,0.0,4.58,no,no,1,90,1,4,Brandon Rojas,Male
yes,0,29,2.25,0.11,199.8,no,no,0,36,1,0,Mr. David Jones,Male
yes,1,32,10.0,0.04,308.25,yes,no,3,35,1,4,Tim Mills,Male
yes,0,25,2.9,0.08,193.29,no,no,0,2,1,0,Joseph Stein,Male
no,2,36,2.95,0.0,0.0,no,no,1,72,1,3,Michael Edwards,Male
no,0,25,1.6,0.0,0.0,no,no,0,93,1,0,Kimberly Vazquez,Female
yes,0,28,3.4,0.02,59.85,no,no,0,207,1,4,Gary Williams,Male
no,4,22,2.1,0.0,0.0,yes,no,0,209,1,10,Joseph Randall,Male
yes,0,27,3.2,0.12,313.43,no,no,0,24,1,2,Matthew Black,Male
no,0,29,3.5,0.0,0.0,no,no,6,0,1,2,Edwin Lloyd,Male
yes,0,31,2.47,0.09,195.02,no,no,3,94,1,2,Mark Chavez,Male
yes,0,27,2.6,0.08,162.45,no,no,2,60,1,6,Stephen Vance,Male
no,2,39,4.02,0.0,0.0,no,no,1,84,1,4,Katherine West,Female
yes,0,22,2.1,0.18,314.49,no,no,0,12,0,4,Michael Herrera,Male
yes,0,30,1.95,0.18,292.95,no,no,0,50,1,10,Jennifer Jarvis,Female
no,0,34,3.6,0.0,0.0,no,no,4,14,1,0,Nicole Mendoza,Female
no,2,42,3.7,0.0,0.0,no,no,4,84,0,3,Paul Davis,Male
yes,0,31,3.0,0.21,533.63,no,no,0,7,1,1,Kevin Rhodes,Male
yes,0,32,4.5,0.09,343.65,no,no,0,48,1,4,James Taylor,Male
no,11,24,2.3,0.0,0.0,no,no,0,24,1,12,Mr. Steven Carson,Male
yes,0,45,3.5,0.14,397.03,yes,no,0,234,0,2,James Wilson,Male
yes,0,25,2.1,0.04,71.67,yes,no,0,44,1,5,Lawrence Green,Male
yes,0,40,5.0,0.12,503.55,no,no,0,38,1,19,Steven Barr,Male
yes,0,40,2.45,0.07,142.51,no,no,0,180,1,0,Jordan Brown,Male
yes,0,41,3.5,0.0,8.33,no,no,1,120,1,9,Timothy Chambers,Male
yes,0,24,2.5,0.23,487.48,no,no,0,15,0,1,Jorge Holt,Male
no,11,30,3.6,0.0,0.0,no,no,0,108,1,16,Cheryl Lynch,Female
yes,0,25,2.66,0.16,352.85,yes,no,0,96,1,0,Heather Maddox,Female
no,0,28,2.5,0.0,0.0,no,no,0,82,1,0,Manuel Moore,Male
no,0,28,2.0,0.0,0.0,no,no,0,108,1,0,Benjamin Stone,Male
yes,0,25,3.52,0.02,61.17,no,no,0,15,1,3,Angela Davis,Not Declared
yes,1,23,1.88,0.35,553.11,no,no,0,12,1,3,Amanda Coffey,Female
yes,0,21,2.25,0.03,59.09,no,no,0,15,1,1,Dustin Cortez,Male
yes,0,39,1.71,0.09,132.47,no,no,0,72,1,0,Elaine Phillips,Female
yes,0,25,4.0,0.03,89.83,no,no,0,60,0,5,Juan Reed,Male
yes,0,25,2.16,0.02,36.33,no,no,0,38,0,2,John Rubio,Not Declared
yes,2,40,3.3,0.04,108.98,no,no,1,58,1,14,Melissa Williams,Female
yes,0,37,7.0,0.01,64.56,yes,no,3,96,1,5,Barry Brown,Male
yes,0,25,2.1,0.11,192.64,no,no,0,4,1,8,Matthew Hutchinson,Male
yes,0,41,3.0,0.05,131.77,yes,no,0,166,1,7,Christopher Williamson,Male
yes,1,24,3.5,0.07,203.89,no,no,0,60,1,11,Emily Harrison,Female
no,0,22,2.07,0.0,0.0,no,no,0,1,1,0,Colin Webster,Male
yes,0,19,2.8,0.17,390.17,yes,no,0,10,0,0,Katherine Smith,Female
yes,0,57,5.0,0.0,0.0,yes,yes,0,144,1,7,Clinton Clark,Male
yes,0,33,2.19,0.15,270.37,no,no,0,15,1,7,Angela Curtis,Female
no,14,48,2.0,0.0,0.0,yes,no,1,120,1,15,William Cole,Male
yes,1,48,2.7,0.0,0.0,no,yes,0,120,1,3,Felicia Brown,Female
yes,0,28,2.69,0.16,352.17,no,no,1,62,0,0,Miguel Lee,Male
yes,1,40,3.73,0.06,179.77,yes,no,1,151,1,7,Melissa Jones,Female
yes,0,32,2.0,0.09,156.09,yes,no,2,8,0,2,Ryan Reid,Male
yes,0,44,4.3,0.02,57.92,yes,no,3,156,1,9,Daniel Mason,Male
yes,0,38,5.5,0.04,205.51,yes,no,4,99,1,9,David Smith,Male
yes,0,37,5.92,0.03,149.3,yes,no,2,48,1,7,Michael Tyler,Male
yes,1,44,7.6,0.05,310.74,yes,no,6,207,1,11,Janet Ramirez,Female
yes,0,18,2.82,0.04,97.94,no,no,0,2,0,1,Heather Harris,Not Declared
yes,0,24,2.2,0.07,127.12,yes,no,0,229,0,1,Charles Ramirez,Male
yes,0,47,2.66,0.1,220.79,yes,no,0,269,1,8,Randy Marshall,Male
no,3,31,7.5,0.0,0.0,no,no,0,30,1,7,Tanner Kelley,Not Declared
yes,0,33,4.0,0.26,854.78,yes,no,2,42,1,4,Megan Cox,Female
yes,0,31,6.5,0.11,602.92,yes,no,2,12,1,6,Joshua Wood,Male
yes,0,38,5.6,0.09,436.26,yes,no,4,114,0,7,Jesse Cordova,Male
no,0,19,2.1,0.0,0.0,no,no,0,124,1,2,Brittany Johnson,Female
yes,0,35,4.5,0.02,67.1,yes,no,1,14,1,0,Thomas Thompson,Male
yes,0,29,2.51,0.05,94.27,no,no,1,12,0,0,Robert Espinoza,Male
yes,2,46,10.03,0.01,84.39,yes,no,2,134,1,15,Ernest Salinas,Male
yes,0,19,3.5,0.06,175.44,no,no,1,24,1,3,Ronald Scott,Male
yes,0,22,3.5,0.05,132.13,no,yes,0,8,1,3,Jennifer Martinez,Female
yes,0,24,3.9,0.09,305.84,no,no,2,27,1,0,Vincent Hampton,Male
yes,0,18,2.5,0.21,440.69,no,no,0,4,0,1,Jeffrey Taylor,Male
yes,0,49,5.2,0.15,634.86,yes,no,1,303,1,11,Michael Gonzalez,Male
no,0,47,1.5,0.0,0.0,yes,no,0,60,1,0,Francisco Fox,Male
yes,0,49,10.0,0.01,92.44,yes,no,4,218,0,12,Crystal Garcia,Female
yes,0,57,4.1,0.08,286.57,yes,no,3,121,1,15,Amanda Wells,Female
yes,0,24,2.2,0.07,121.03,no,no,0,22,1,6,Kiara Peterson,Female
yes,0,26,4.38,0.04,136.12,yes,no,5,24,1,6,Matthew Lawson DDS,Male
no,5,38,2.49,0.0,0.0,no,no,2,24,1,10,Jorge Scott,Male
yes,1,29,6.6,0.09,510.09,yes,no,0,24,1,14,Zachary Williams,Male
yes,1,30,2.74,0.02,42.31,yes,no,3,76,1,8,Benjamin Bautista,Male
yes,1,58,2.7,0.0,6.42,yes,no,0,252,1,8,Jose Burton,Male
yes,0,38,3.26,0.0,7.08,no,no,4,18,1,0,Dakota Russo,Male
yes,0,45,5.8,0.03,159.73,yes,no,0,118,1,6,Dr. Eric Powell,Male
yes,0,25,2.5,0.06,124.5,no,no,0,6,0,0,Katrina Moss,Female
yes,0,30,3.5,0.35,1028.96,yes,no,0,6,0,2,William Torres,Male
no,0,80,1.5,0.0,0.0,no,no,0,24,1,0,Cassidy Bradley,Female
no,0,25,1.75,0.0,0.0,no,no,0,108,0,0,Noah Terry,Male
no,5,40,4.4,0.0,0.0,yes,no,1,84,1,15,Gregory Mathews,Not Declared
yes,0,42,4.7,0.02,71.96,yes,yes,3,150,1,2,Jennifer Williams,Female
yes,0,49,3.3,0.04,111.62,yes,no,0,252,1,0,William Moore,Male
yes,0,44,5.8,0.08,386.05,yes,no,4,25,1,16,Gabriella Green,Female
no,1,43,5.32,0.0,0.0,yes,no,5,110,1,7,Chris Sanchez,Male
yes,0,25,2.4,0.03,62.51,no,no,0,192,1,9,Carrie Thompson,Female
yes,0,43,3.25,0.06,159.36,yes,no,2,109,1,6,Christopher Farrell,Male
yes,0,24,3.06,0.17,434.88,no,no,0,3,1,0,Brandon Castillo,Male
yes,0,39,3.0,0.02,40.33,yes,no,3,14,1,9,David Howard,Not Declared
yes,0,25,2.2,0.02,38.71,yes,no,1,26,1,7,Mary Peterson,Female
yes,0,43,3.0,0.02,57.31,yes,no,1,3,1,5,Daniel Richard,Male
yes,0,46,4.2,0.01,30.45,yes,no,1,216,1,27,Christopher Patel,Male
yes,0,34,2.37,0.05,106.72,yes,no,0,38,1,13,Christian Johnson,Male
yes,1,38,2.52,0.09,181.41,yes,no,0,138,1,8,Sarah Dixon,Female
yes,1,37,5.49,0.16,732.98,yes,no,1,60,1,19,James Gonzalez,Male
yes,0,19,2.98,0.0,0.0,no,no,0,18,1,0,Willie Webb,Male
no,0,27,3.6,0.0,0.0,no,no,0,18,1,2,Amanda Sullivan,Female
yes,0,39,2.25,0.05,95.53,yes,no,0,240,1,7,Aaron Meyer,Male
yes,0,45,3.22,0.33,896.94,yes,no,5,168,0,9,Andre Maldonado,Male
yes,0,52,5.0,0.02,85.24,yes,no,1,201,0,16,Steven Brooks,Male
no,3,34,2.67,0.0,0.0,no,no,0,51,1,25,Megan Woodward,Female
yes,0,30,3.75,0.1,298.48,yes,no,1,12,1,9,Lee Hudson,Male
yes,0,61,3.75,0.0,0.0,yes,no,0,288,1,5,James Wiggins,Male
yes,0,32,3.7,0.0,11.71,yes,no,2,30,1,15,Chris Mullins,Male
yes,0,38,3.3,0.02,65.82,yes,no,3,188,1,19,Michael Anderson,Not Declared
yes,0,37,7.0,0.15,898.43,yes,no,3,24,1,8,Ray Gill,Male
yes,2,33,3.37,0.18,494.49,no,no,1,66,1,15,Justin Odonnell,Not Declared
no,0,30,3.12,0.0,0.0,no,no,2,12,0,5,Rodney Reyes,Male
yes,0,42,2.59,0.03,67.54,yes,yes,3,96,1,5,Michael Harris,Male
yes,2,29,2.1,0.07,126.1,yes,no,3,90,0,5,Scott Peck,Male
yes,0,52,3.0,0.04,98.68,yes,no,1,220,1,8,Austin Sullivan,Male
yes,0,29,3.0,0.11,264.97,yes,no,1,51,0,11,Richard Patel,Male
yes,0,45,4.4,0.0,17.08,yes,no,3,12,1,18,Gary Johnson,Male
yes,0,30,3.1,0.18,469.25,yes,no,2,40,1,15,Jonathan Mendoza,Male
yes,0,30,2.98,0.04,108.3,no,no,3,36,1,9,Richard Clark,Male
yes,0,22,2.8,0.25,590.95,yes,no,1,6,1,7,Wendy Morales,Female
no,0,37,1.83,0.0,0.0,no,no,2,52,1,0,Mike Russo,Male
yes,0,22,3.29,0.02,48.08,no,no,2,21,1,5,Jeffrey Gallegos,Male
yes,0,29,2.7,0.0,0.0,no,no,0,24,1,20,Jonathan Peters,Male
yes,0,28,3.9,0.04,141.69,yes,no,1,49,1,17,Jeremy Tucker DDS,Male
no,5,27,1.8,0.0,0.0,no,no,2,34,1,7,Walter Freeman,Male
yes,0,31,3.2,0.04,109.61,no,no,2,17,1,0,Ian Clark,Male
yes,0,32,3.65,0.54,1637.53,yes,no,1,32,1,7,Jeffery Howard,Male
yes,0,30,3.5,0.04,114.56,no,no,5,57,1,9,Johnny Schneider,Male
yes,0,40,4.77,0.0,11.67,yes,no,0,144,1,10,Lori Nelson,Female
yes,0,39,4.2,0.01,22.36,yes,no,0,24,1,5,Jose Meyer,Male
no,10,43,5.0,0.0,0.0,yes,yes,4,144,1,11,Richard Keith,Male
yes,0,24,2.0,0.05,91.41,yes,yes,1,24,0,10,Jonathan Nixon DDS,Male
yes,0,26,2.6,0.11,239.49,yes,no,0,12,1,13,Andre Sanders,Male
yes,0,61,5.0,0.05,190.43,yes,no,2,6,0,0,Jon Travis,Male
yes,0,44,4.0,0.02,66.73,yes,yes,2,120,1,12,Vincent Taylor,Male
yes,0,61,5.37,0.05,221.89,yes,yes,0,12,1,0,Heidi King,Female
yes,0,40,2.72,0.2,446.42,no,no,2,36,1,14,Joshua Downs,Male
yes,0,20,1.8,0.55,830.28,no,no,0,5,0,0,Tyler Stevens,Male
yes,0,45,4.0,0.03,113.63,yes,no,2,24,0,16,George Graves,Male
yes,0,26,2.1,0.0,0.0,no,no,2,30,1,18,Brandon Bush,Male
no,0,33,2.55,0.0,0.0,no,no,3,36,1,0,Charles Howard,Male
yes,0,30,2.5,0.06,127.37,yes,no,1,24,1,23,Matthew Hernandez,Male
yes,0,23,2.0,0.1,166.9,no,no,0,9,1,0,Larry Wagner,Male
yes,0,34,3.0,0.13,315.94,no,no,6,12,0,16,Christopher Myers,Male
yes,0,38,2.6,0.08,171.86,yes,no,0,51,1,9,Jesus Lee,Male
yes,1,35,2.4,0.02,46.61,no,yes,1,37,1,13,Courtney Dominguez PhD,Female
yes,0,36,4.0,0.09,306.47,yes,no,0,12,1,11,Scott Schmidt,Male
yes,0,42,6.2,0.01,31.0,yes,no,2,132,1,14,Joseph Cuevas,Male
yes,0,22,2.2,0.08,140.3,no,no,0,9,1,3,Dennis Good,Male
no,1,28,2.0,0.0,0.0,no,no,3,0,1,2,Barbara Lewis,Female
yes,1,44,5.8,0.04,175.64,yes,no,2,148,1,16,Kayla Sweeney,Female
yes,0,30,1.8,0.02,29.52,no,no,0,6,1,10,Seth Lloyd,Male
yes,0,27,3.26,0.02,67.2,no,no,0,16,1,5,Luis Fisher,Male
yes,0,24,2.1,0.08,146.27,yes,no,0,24,1,14,Ashley Hale,Female
yes,0,23,2.75,0.0,4.58,no,no,0,7,1,9,Michael Welch,Male
yes,1,55,3.7,0.05,160.45,yes,no,1,300,1,4,Christopher Morris,Male
yes,0,35,4.82,0.04,171.51,yes,no,2,48,1,18,Victoria Munoz,Not Declared
yes,0,46,3.05,0.0,8.12,yes,no,0,96,0,4,Maria Lopez,Female
yes,0,39,2.4,0.19,384.17,no,no,1,96,1,7,Crystal Hill,Female
yes,0,34,5.0,0.43,1774.36,yes,no,3,36,1,7,Travis Peters,Male
yes,0,19,2.6,0.13,285.26,no,no,0,87,1,2,Jennifer Miller,Not Declared
yes,0,27,4.0,0.01,49.25,yes,yes,3,40,1,13,Antonio Ramos,Male
yes,0,46,6.8,0.01,40.2,yes,yes,0,48,1,2,Kelly Galvan,Female
yes,0,47,1.94,0.02,26.5,no,no,0,10,0,13,Nicholas Sanchez,Male
yes,0,25,2.45,0.09,183.56,no,no,0,48,1,6,Rebecca Cunningham,Female
yes,0,51,4.53,0.01,45.35,yes,no,4,126,0,5,Angela Bauer,Female
yes,0,41,6.82,0.12,664.6,no,no,2,12,1,0,Anthony Roberts,Male
yes,1,36,3.85,0.01,37.02,no,no,1,36,1,8,Ryan Oneal,Male
yes,0,32,2.75,0.38,862.96,yes,no,2,27,1,9,David Jones,Male
no,3,41,3.5,0.0,0.0,yes,no,2,38,1,19,Howard Jackson,Male
no,3,32,3.0,0.0,0.0,yes,no,3,32,1,7,Logan Snyder,Male
yes,0,21,2.3,0.07,143.43,yes,no,2,24,1,10,Jessica Mendoza,Female
yes,0,29,1.8,0.08,124.63,no,no,0,51,1,3,Lindsay Jordan,Female
yes,0,21,2.2,0.32,577.98,no,no,0,143,1,6,Gerald Reed,Male
yes,0,34,4.8,0.07,266.34,yes,no,3,15,1,0,Erin Hurst,Female
yes,0,27,2.04,0.02,30.05,yes,no,2,38,1,4,Adrian Anderson,Not Declared
yes,1,36,1.68,0.14,193.32,yes,no,0,44,1,12,Dr. Eric Anderson,Male
yes,0,24,2.78,0.05,121.63,no,no,0,3,1,0,Joseph Rodriguez,Male
yes,0,63,6.0,0.0,8.33,no,no,0,50,1,14,Kimberly Miller,Female
yes,0,25,3.5,0.05,158.6,no,no,0,34,0,2,Teresa Garrett,Female
no,4,42,1.8,0.0,0.0,no,no,2,48,1,10,Elijah Byrd,Male
yes,0,35,3.9,0.05,178.46,yes,no,2,36,1,7,Nathan Chambers,Male
yes,0,20,2.0,0.1,167.04,no,no,0,14,1,1,Dawn Wolf,Female
yes,2,41,7.12,0.1,569.55,yes,no,3,96,1,6,Jason Glover,Male
no,2,24,1.85,0.0,0.0,no,no,0,14,0,3,Brett Ross,Male
yes,0,32,1.6,0.26,351.36,no,no,0,6,1,3,Miss Danielle Willis,Female
yes,0,34,4.85,0.05,198.02,yes,no,2,114,1,12,Amy Delacruz,Not Declared
yes,0,37,2.82,0.07,153.75,yes,no,0,240,1,2,Kara Graham,Female
no,1,27,2.7,0.0,0.0,no,no,1,169,0,6,David Fitzgerald,Male
no,0,56,1.45,0.0,0.0,yes,no,0,242,1,4,Sonya Wells,Female
yes,0,26,1.8,0.01,9.17,yes,no,0,53,1,9,Charles Brown,Male
no,0,33,3.7,0.0,0.0,yes,no,2,72,1,0,Sharon Bradford,Female
yes,0,19,1.9,0.28,448.02,no,no,0,192,0,1,Luis Robinson,Male
yes,0,35,2.62,0.22,470.3,yes,no,1,6,0,9,Christopher Preston,Male
yes,0,25,3.75,0.13,400.07,yes,no,0,7,1,11,Derek Garza,Male
yes,0,45,4.5,0.04,149.1,yes,no,2,132,1,9,Daniel Fischer,Male
no,4,38,3.7,0.0,0.0,no,no,2,24,1,11,Christopher Steele,Male
yes,1,42,3.84,0.1,332.24,yes,no,3,14,1,14,Thomas Lee,Male
no,0,25,1.59,0.0,0.0,no,no,0,87,1,9,Lindsay Davis,Female
no,2,25,2.07,0.0,0.0,no,no,0,20,0,7,Jamie Huynh,Female
yes,0,31,5.1,0.17,721.06,yes,no,3,15,1,9,Timothy Robinson,Male
no,3,40,4.01,0.0,0.0,no,no,1,12,1,17,Andrew Rodriguez,Male
yes,0,67,4.47,0.0,7.08,no,no,1,36,1,1,Heidi Walters,Female
yes,0,33,3.5,0.06,166.24,no,no,0,26,1,1,Danny Duran,Male
yes,0,45,5.0,0.0,5.52,yes,no,0,144,1,14,John James,Male
yes,1,28,2.5,0.0,5.83,no,no,1,24,1,6,Keith Delgado,Male
yes,0,30,1.5,0.06,78.89,no,no,1,24,0,5,Kathleen English,Female
yes,1,47,3.84,0.01,20.25,yes,no,2,233,1,16,Christina Rios,Female
yes,1,42,3.6,0.04,113.95,yes,no,2,60,1,22,Ryan Barrera,Male
yes,0,44,2.95,0.2,493.73,no,no,0,180,1,13,Dustin Garza,Male
yes,0,37,2.38,0.17,332.7,yes,yes,0,168,1,13,Tammy Moore,Not Declared
yes,0,28,2.16,0.02,42.52,no,no,0,50,0,3,Willie Black MD,Male
yes,0,31,2.01,0.09,151.03,no,no,1,4,1,0,Tracy Schroeder,Not Declared
yes,0,22,1.56,0.1,128.07,yes,no,0,6,0,7,Denise Welch,Female
no,4,57,2.0,0.0,0.0,yes,yes,0,36,0,44,Matthew Sampson,Male
yes,0,23,2.9,0.0,0.0,no,no,1,12,1,0,Robert Moon,Male
yes,0,24,3.7,0.07,219.27,yes,no,1,8,1,5,Earl Russell,Male
yes,0,37,3.84,0.01,37.71,no,no,3,10,1,0,Dennis Robinson,Male
no,1,63,2.14,0.0,0.0,yes,no,0,240,1,7,Alex Cannon,Male
no,0,23,2.4,0.0,0.0,no,no,0,1,1,0,Holly Miller,Female
yes,0,24,2.4,0.18,362.64,no,no,0,16,1,0,Kelsey West,Female
yes,0,41,2.0,0.01,8.33,yes,no,0,9,0,4,Joseph Garcia,Male
no,0,28,1.55,0.0,0.0,no,no,3,5,0,1,Michael Olson,Male
no,1,52,2.0,0.0,0.0,yes,no,3,54,1,7,Thomas Wilson,Male
yes,0,28,3.1,0.22,580.97,yes,no,0,15,1,5,Alexis Owens,Male
yes,0,28,2.5,0.01,25.29,yes,no,0,27,1,16,David Robertson Jr.,Male
yes,0,39,5.1,0.05,210.23,yes,no,3,60,0,22,Derek Hernandez,Male
yes,0,32,2.0,0.07,121.34,yes,no,1,24,1,2,John Cole,Not Declared
yes,0,33,3.6,0.03,77.81,no,no,3,16,1,9,Paul Jensen,Male
yes,0,25,3.4,0.0,0.0,yes,no,2,29,0,4,Brenda Sherman,Female
yes,0,42,4.2,0.03,87.31,yes,no,4,36,1,14,Christina Andersen,Female
no,3,35,1.7,0.0,0.0,yes,no,3,135,0,25,Brett Wheeler,Male
no,0,33,1.94,0.0,0.0,no,no,1,96,1,5,Kenneth Gilmore,Male
yes,0,33,2.9,0.2,471.34,yes,no,2,147,1,8,Bryan Potter,Male
yes,0,48,1.7,0.01,16.63,yes,no,0,108,1,18,David Fuentes,Male
no,0,26,4.9,0.0,0.0,no,no,2,6,1,0,James Hall,Male
yes,0,40,2.22,0.4,737.08,yes,no,2,10,1,14,Louis Wood,Male
yes,0,32,6.11,0.11,544.52,yes,no,1,67,1,1,Misty Carey,Not Declared
no,1,20,2.62,0.0,0.0,no,yes,0,20,1,2,Charles Malone,Male
no,2,21,1.56,0.0,0.0,yes,no,0,1,1,12,Jacob Lee,Male
yes,0,27,2.65,0.07,160.88,yes,no,3,24,1,3,Christopher Robinson,Male
yes,0,43,2.8,0.05,108.62,yes,no,0,147,1,1,Robert Baker,Male
yes,0,24,1.6,0.38,500.62,yes,no,0,48,0,1,Roberto Douglas,Male
yes,0,29,5.0,0.16,674.91,yes,no,4,3,1,0,Tommy Sanchez,Male
yes,1,27,2.04,0.21,364.82,no,no,0,24,1,10,William Carson,Male
yes,0,47,5.04,0.05,216.16,no,no,3,47,1,9,Adam Rivera,Male
no,0,19,1.92,0.0,0.0,no,no,0,6,0,4,Stephen Evans,Male
no,0,42,3.4,0.0,0.0,yes,no,3,5,1,9,Hector Beard,Male
yes,0,42,3.2,0.11,287.76,yes,no,0,68,1,9,Christopher Oneal,Male
yes,0,44,3.1,0.13,323.06,yes,no,0,75,1,5,Joshua Woods,Not Declared
yes,0,35,1.88,0.14,214.1,no,no,1,3,1,12,Aaron Howell Jr.,Male
yes,0,21,2.4,0.08,163.84,no,no,0,105,0,1,Dustin Smith,Male
yes,0,25,3.0,0.06,154.74,yes,no,0,40,1,16,Eric Hall,Male
no,0,40,1.84,0.0,0.0,no,yes,2,18,1,0,Gary West,Male
yes,0,35,2.5,0.08,164.81,yes,no,1,42,0,11,Christian Gordon,Male
yes,0,31,5.11,0.03,126.39,yes,no,2,16,1,19,Samuel Gomez,Male
yes,0,51,2.5,0.02,39.91,yes,no,0,138,0,3,Stephanie Russo,Female
yes,0,34,5.4,0.07,321.21,yes,no,3,24,1,4,Paul Scott,Male
no,2,30,2.5,0.0,0.0,no,no,0,12,1,18,Thomas Russell,Male
yes,0,33,2.1,0.13,228.97,no,no,0,6,0,0,Jeffrey Mendez,Male
yes,1,32,6.0,0.09,449.04,no,no,0,6,0,17,Jacob Weber,Male
yes,0,26,1.56,0.06,79.61,no,no,2,13,1,13,Scott Garcia,Male
yes,0,31,4.07,0.07,233.04,no,no,0,12,1,14,Robert Dixon,Male
yes,1,20,2.7,0.12,266.19,no,no,0,147,1,22,Anthony Parsons,Male
yes,0,23,2.04,0.12,204.09,yes,no,0,7,1,12,Robert Henry,Not Declared
yes,0,60,2.8,0.04,101.85,yes,no,3,232,1,7,Brian Jackson,Male
yes,0,24,6.2,0.17,881.26,no,no,0,12,1,7,Megan Potts,Female
yes,0,30,2.19,0.49,889.58,no,no,0,6,1,0,Fernando Little,Male
yes,0,29,3.2,0.05,142.88,no,no,0,36,0,6,Shane Lee,Male
yes,0,48,2.3,0.23,434.12,yes,no,0,72,0,2,Ashley Velazquez,Female
yes,0,25,1.76,0.14,201.66,no,no,0,28,1,12,Chad Hart,Male
no,0,69,1.8,0.0,0.0,yes,no,0,528,0,5,Randy Crawford,Male
yes,0,53,3.96,0.0,7.08,yes,no,1,180,0,5,Julie Mclean,Female
yes,0,54,2.5,0.01,18.25,yes,no,1,102,0,13,Katelyn Oconnor,Female
yes,0,32,2.28,0.07,127.98,yes,no,0,48,0,15,Kristin Patterson,Female
yes,0,33,2.5,0.08,161.16,yes,no,1,30,1,6,Jonathan Barnett,Male
yes,0,23,2.6,0.82,1786.28,no,no,0,4,1,0,Crystal Christensen,Female
yes,0,24,2.2,0.16,284.26,yes,no,0,36,1,6,Dawn Reed,Female
yes,4,40,2.45,0.21,426.45,yes,no,1,41,1,12,Joseph Friedman,Male
no,2,48,6.8,0.0,0.0,yes,yes,1,56,0,20,Dr. Rebecca Johnson,Female
no,0,35,4.5,0.0,0.0,yes,no,6,6,0,0,James Holmes,Male
yes,0,49,4.96,0.11,435.99,yes,no,4,168,1,7,Michelle Mathis,Female
yes,0,34,5.0,0.01,58.08,yes,no,4,6,1,0,Thomas Dawson,Male
yes,0,34,2.1,0.06,103.33,no,no,2,49,1,4,Beth Maxwell,Female
yes,0,47,10.4,0.23,2001.55,yes,no,2,9,0,0,Richard Graham,Male
no,0,19,1.56,0.0,0.0,yes,no,0,46,0,3,Mr. Robert Evans,Male
no,9,30,2.3,0.0,0.0,no,yes,3,15,1,9,Jessica Fisher,Female
no,0,40,4.99,0.0,0.0,yes,no,2,32,1,16,Jonathan Torres,Male
no,6,35,5.63,0.0,0.0,yes,no,3,18,0,10,Alyssa Bradley,Female
no,0,23,1.67,0.0,0.0,no,no,0,27,1,0,Dustin Marks,Male
yes,0,0,1.6,0.15,205.25,no,no,0,1,1,9,Christopher Lee,Male
yes,0,24,1.51,0.21,258.17,yes,no,0,30,1,2,Casey Andrews,Female
yes,0,38,2.85,0.01,15.83,yes,no,1,120,1,16,Shannon Howard,Female
yes,0,24,2.3,0.09,163.04,no,no,0,26,1,7,Robert Williams,Male
yes,0,25,3.0,0.19,475.02,no,no,0,10,0,0,Christopher Thompson,Male
yes,1,23,2.2,0.23,429.9,yes,no,0,228,0,9,Leonard Andrews,Male
yes,0,49,0.21,0.27,47.24,yes,no,2,42,1,1,Kenneth Johnson,Not Declared
yes,0,37,2.8,0.17,396.5,no,no,0,36,1,23,Tracy Johnston,Female
no,0,20,1.8,0.0,0.0,no,no,0,4,0,1,Anne Smith,Female
no,2,24,2.2,0.0,0.0,no,no,0,6,1,8,Scott Norman,Male
yes,1,28,3.0,0.03,73.17,no,no,0,51,1,5,Eric Perez,Male
yes,0,45,2.4,0.01,23.58,yes,no,2,122,1,11,Joseph Clark,Male
no,0,20,1.2,0.0,0.0,no,yes,1,24,1,0,Jack Hurley,Male
yes,0,54,6.8,0.1,569.92,no,no,0,24,1,15,Ryan Smith,Male
yes,0,24,1.5,0.02,24.07,no,no,0,28,1,5,Gary Gutierrez,Male
yes,0,31,2.7,0.12,258.88,no,no,0,19,1,0,Christopher Kline,Male
yes,1,43,3.5,0.13,387.22,yes,no,3,180,0,19,Amanda Harrison,Female
no,0,31,2.1,0.0,0.0,no,no,2,60,1,2,James Simmons,Male
yes,0,22,2.5,0.4,839.3,no,no,0,4,1,1,Paul Taylor,Male
yes,0,28,5.47,0.03,133.07,yes,no,3,18,1,0,Matthew Wilson,Male
no,0,27,2.35,0.0,0.0,no,no,3,6,1,0,William Torres,Male
yes,0,22,1.65,0.05,68.55,no,no,0,36,1,3,Hannah Brown,Female
yes,0,34,9.2,0.09,664.12,yes,no,5,81,1,7,Christopher Bennett,Male
yes,1,54,7.29,0.11,647.21,yes,no,2,78,1,9,Brandon Burke,Not Declared
yes,0,32,2.72,0.18,402.72,no,no,1,6,1,8,Robert Harvey,Male
yes,0,40,3.62,0.02,47.08,yes,no,3,124,1,19,Michael Rice Jr.,Male
yes,0,26,5.3,0.05,242.14,yes,no,1,24,1,20,James Franco,Male
yes,0,55,4.9,0.07,273.49,yes,no,2,96,1,17,Brian Young,Male
yes,0,32,3.62,0.05,150.29,yes,no,3,97,1,13,James Leblanc,Male
yes,0,38,2.14,0.06,106.2,no,no,1,66,1,14,Kirk Lee,Male
yes,0,28,2.5,0.19,402.79,yes,no,0,18,1,7,Marc Morris,Male
no,0,39,0.49,0.0,0.0,yes,no,2,100,1,0,Michael Burns,Male
yes,1,55,4.3,0.04,125.48,yes,no,0,6,1,31,Tracy Johnson,Male
yes,0,42,6.3,0.04,213.0,yes,no,4,72,1,20,Grant Curtis,Male
yes,0,21,2.4,0.1,201.58,no,no,0,2,1,5,Chad Reyes MD,Male
yes,0,33,2.8,0.03,70.28,yes,no,1,72,1,20,Paul Williams,Male
yes,0,37,5.0,0.05,188.73,yes,no,4,36,1,25,Erin Howell,Female
yes,0,28,2.8,0.01,32.67,no,no,0,27,1,19,Jimmy Todd,Male
yes,0,31,2.8,0.09,202.47,yes,no,3,15,1,17,Christopher Archer,Not Declared
yes,0,30,2.65,0.03,69.43,no,no,3,36,1,9,Jennifer Green,Female
no,0,25,1.6,0.0,0.0,no,no,0,12,1,0,Jessica Clark,Female
no,4,46,2.1,0.0,0.0,no,no,0,25,0,3,Michael Diaz,Male
no,0,36,2.41,0.0,0.0,no,no,4,14,1,0,Paul King,Male
no,1,52,3.1,0.0,0.0,yes,no,2,75,1,9,Angela Nguyen,Female
yes,0,34,2.62,0.04,84.73,no,no,2,3,1,12,Timothy Parker,Male
no,0,53,11.0,0.0,0.0,yes,yes,0,429,1,0,Charles Bailey,Male
yes,0,22,1.8,0.05,80.06,no,no,0,48,0,1,Robert Hebert,Male
yes,0,30,2.5,0.02,43.44,yes,no,3,50,1,14,Andrew Collins,Male
yes,0,25,1.8,0.1,142.95,no,no,0,24,0,4,Steven Walters,Male
no,0,21,2.73,0.0,0.0,no,no,1,18,1,0,Kristy Lewis,Female
no,0,22,2.05,0.0,0.0,no,no,0,42,0,4,Jason Ramirez,Male
yes,0,40,5.05,0.03,119.3,yes,no,0,128,1,10,Chelsea Watkins,Female
no,2,33,3.8,0.0,0.0,yes,no,0,153,1,11,Victoria Rogers,Female
no,1,35,4.29,0.0,0.0,yes,no,3,24,0,13,Michael Stevens,Male
yes,0,28,3.6,0.04,130.03,yes,yes,0,56,1,10,Ashley Floyd,Female
yes,0,30,4.3,0.13,482.66,yes,no,4,16,1,7,Paul Webb,Male
no,0,41,4.44,0.0,0.0,yes,no,2,98,1,3,Kaitlyn Gonzales,Not Declared
yes,0,38,2.6,0.4,858.35,no,no,0,33,1,16,Travis Carter,Male
no,1,33,4.1,0.0,0.0,yes,no,2,22,1,15,Adrian Lewis,Male
no,0,29,2.86,0.0,0.0,no,no,0,38,1,0,Angela Wolf,Female
yes,0,27,2.4,0.02,33.01,no,no,0,56,1,1,David Dominguez,Male
yes,0,23,1.8,0.03,46.06,no,no,1,4,0,0,Melissa Perez,Female
yes,0,33,1.8,0.11,169.88,no,no,0,4,1,8,Clarence Smith,Male
yes,0,38,5.1,0.02,90.06,no,no,0,60,1,7,Nicole Marshall,Female
yes,0,35,3.56,0.11,323.59,no,no,0,12,1,0,Mark Parker,Male
yes,0,30,4.15,0.15,520.34,no,no,1,16,1,4,Michael Perez,Male
no,0,31,2.02,0.0,0.0,no,no,0,14,1,3,John Rosales,Male
yes,0,23,1.8,0.11,167.21,no,no,0,6,1,0,Ronald Webb,Male
yes,1,25,2.9,0.09,209.84,no,no,0,276,1,6,Devin Walter,Male
no,6,35,4.0,0.0,0.0,no,no,0,29,0,5,Steven Bell,Male
yes,0,28,2.95,0.09,229.8,no,no,0,26,1,4,David Velasquez,Male
no,0,37,3.2,0.0,0.0,no,no,0,14,1,0,Susan Williams,Female
yes,0,41,4.5,0.14,536.25,yes,no,2,6,1,10,Robert Moss,Male
no,6,37,7.0,0.0,0.0,yes,no,4,120,1,10,Kristen Moody,Female
no,0,19,2.2,0.0,0.0,no,no,0,6,1,0,Christopher Taylor,Male
yes,0,22,2.8,0.08,191.84,no,no,0,4,1,0,Austin Roberts,Male
yes,0,29,2.2,0.0,0.0,no,no,0,9,1,0,Richard West,Male
yes,0,26,5.77,0.08,362.75,yes,no,1,13,1,11,Connie Lopez,Female
yes,0,43,2.43,0.08,163.18,no,no,2,18,1,28,Seth Daugherty,Male
yes,0,37,7.0,0.03,176.27,yes,no,2,14,1,17,Darlene Dyer,Female
yes,0,26,2.15,0.03,61.33,no,no,0,10,0,4,Emily Garcia,Female
yes,0,42,5.2,0.01,57.44,yes,no,3,29,1,9,Adam Harrington,Male
yes,0,28,4.7,0.24,948.36,yes,no,0,6,1,19,Paul Rose,Male
yes,0,26,2.5,0.06,132.59,yes,no,0,14,1,13,Kenneth Robles,Male
yes,0,48,5.0,0.02,91.18,no,no,3,7,1,0,Brenda Porter,Female
yes,0,27,3.5,0.05,146.43,yes,no,2,17,1,11,David Adams,Male
yes,0,26,2.45,0.05,111.82,no,no,0,6,1,11,Johnny Brown,Male
no,0,21,10.0,0.0,0.0,no,no,2,8,0,0,Mrs. Jessica Buchanan PhD,Female
yes,0,30,3.2,0.15,396.27,yes,no,2,12,0,7,Alexis Cameron,Female
yes,0,27,3.54,0.01,19.59,no,no,2,3,1,0,Mr. Daniel Freeman PhD,Male
yes,0,49,3.11,0.01,21.46,yes,no,1,154,0,6,Joseph Carpenter,Male
no,2,35,2.25,0.0,0.0,no,no,1,84,1,3,Michele Russell,Female
yes,1,48,6.0,0.18,885.09,yes,no,3,114,1,19,Douglas Dawson,Male
no,11,24,1.68,0.0,0.0,no,no,2,2,1,8,Mary Olson,Female
yes,0,29,2.4,0.02,29.96,no,no,1,18,1,8,Jordan Bell,Male
yes,0,41,3.2,0.01,26.88,no,no,1,16,1,2,Lisa Grant,Female
yes,0,40,6.0,0.08,394.57,yes,no,0,42,1,5,David Williams,Male
yes,0,22,1.75,0.62,906.31,no,no,0,2,1,0,Rebecca Hernandez,Female
no,0,36,4.5,0.0,0.0,yes,no,2,228,1,0,Jamie Morales,Female
yes,0,39,2.5,0.19,400.45,no,no,0,12,1,4,Matthew Kaufman,Male
yes,0,31,2.55,0.14,303.67,no,no,1,60,1,7,Christopher Watts,Male
yes,0,33,3.26,0.05,143.02,no,no,0,37,1,18,Jason Calhoun,Male
yes,1,22,3.6,0.05,146.44,no,no,0,30,1,20,Michael Holt,Male
no,0,35,2.78,0.0,0.0,no,no,0,6,1,0,Joy Evans,Not Declared
yes,0,58,4.4,0.03,97.18,yes,yes,1,132,1,12,Thomas King,Male
yes,0,38,3.2,0.01,39.0,yes,no,2,24,1,19,Nicholas Burke,Male
no,0,27,1.6,0.0,0.0,yes,no,1,30,0,0,Travis Hanson,Male
no,0,23,1.64,0.0,0.0,no,no,1,13,1,0,Chad Glenn,Male
yes,0,30,2.7,0.01,27.42,no,no,2,1,1,8,Richard Hansen,Male
yes,0,34,3.5,0.06,179.72,yes,no,0,24,0,10,James Sanders,Male
yes,1,39,3.42,0.03,82.66,yes,no,0,41,1,12,Steven Burton,Male
yes,0,38,6.5,0.03,157.84,yes,no,3,60,1,9,Nicole Fisher,Female
yes,0,20,2.0,0.04,63.55,no,no,0,111,1,6,Cynthia Powell,Female
yes,0,35,3.58,0.05,154.86,yes,no,2,123,1,7,Curtis Gonzalez,Male
yes,0,25,2.5,0.02,44.02,no,no,0,25,1,10,Frederick Morris,Male
yes,1,40,2.0,0.25,424.63,yes,no,1,121,1,10,Scott Baker,Male
yes,0,30,2.51,0.0,4.58,no,yes,3,36,0,4,Bradley May,Male
no,0,39,2.3,0.0,0.0,no,yes,0,46,1,3,George Smith,Male
no,0,22,3.86,0.0,0.0,no,no,1,36,0,4,Catherine Turner,Female
no,1,30,2.18,0.0,0.0,no,yes,0,13,1,1,Julian Choi,Male
yes,0,33,4.57,0.0,7.33,yes,no,0,94,1,19,Cheryl Ramirez,Female
no,5,23,3.19,0.0,0.0,no,no,3,12,1,5,Mr. David Woods III,Male
yes,0,40,4.6,0.03,101.3,yes,no,2,1,1,2,Roger Allison,Male
yes,0,32,3.7,0.01,27.0,no,yes,0,60,1,7,Jennifer Burton,Female
yes,0,48,3.7,0.11,344.16,yes,no,2,2,1,0,Taylor Thomas,Female
